"Exp","Site","Hole","Core","Type","Sect","A/W","Offset (cm)","Depth CSF-A (m)","Depth CCSF-390-U1557-AB-20220529-Shipboard2 (m)","Magnetic susceptibility (instr. units)","Timestamp (UTC)","Instrument","Instrument group","Text ID","Test No.","Sample comments","Test comments","Result comments"
"390C","U1557","B","1","H","1","","5.0","0.050","0.050","39.94","2020-11-02 03:38:35","MS3-V0.0.0.0-0656","WRMSL","SECT10854411","118808621","","",""
"390C","U1557","B","1","H","1","","7.5","0.075","0.075","42.26","2020-11-02 03:38:35","MS3-V0.0.0.0-0656","WRMSL","SECT10854411","118808621","","",""
"390C","U1557","B","1","H","1","","10.0","0.100","0.100","42.42","2020-11-02 03:38:35","MS3-V0.0.0.0-0656","WRMSL","SECT10854411","118808621","","",""
"390C","U1557","B","1","H","1","","12.5","0.125","0.125","41.88","2020-11-02 03:38:35","MS3-V0.0.0.0-0656","WRMSL","SECT10854411","118808621","","",""
"390C","U1557","B","1","H","1","","15.0","0.150","0.150","42.05","2020-11-02 03:38:35","MS3-V0.0.0.0-0656","WRMSL","SECT10854411","118808621","","",""
"390C","U1557","B","1","H","1","","17.5","0.175","0.175","43.00","2020-11-02 03:38:35","MS3-V0.0.0.0-0656","WRMSL","SECT10854411","118808621","","",""
"390C","U1557","B","1","H","1","","20.0","0.200","0.200","44.39","2020-11-02 03:38:35","MS3-V0.0.0.0-0656","WRMSL","SECT10854411","118808621","","",""
"390C","U1557","B","1","H","1","","22.5","0.225","0.225","45.11","2020-11-02 03:38:35","MS3-V0.0.0.0-0656","WRMSL","SECT10854411","118808621","","",""
"390C","U1557","B","1","H","1","","25.0","0.250","0.250","44.94","2020-11-02 03:38:35","MS3-V0.0.0.0-0656","WRMSL","SECT10854411","118808621","","",""
"390C","U1557","B","1","H","1","","27.5","0.275","0.275","44.35","2020-11-02 03:38:35","MS3-V0.0.0.0-0656","WRMSL","SECT10854411","118808621","","",""
"390C","U1557","B","1","H","1","","30.0","0.300","0.300","44.91","2020-11-02 03:38:35","MS3-V0.0.0.0-0656","WRMSL","SECT10854411","118808621","","",""
"390C","U1557","B","1","H","1","","32.5","0.325","0.325","45.75","2020-11-02 03:38:35","MS3-V0.0.0.0-0656","WRMSL","SECT10854411","118808621","","",""
"390C","U1557","B","1","H","1","","35.0","0.350","0.350","46.87","2020-11-02 03:38:35","MS3-V0.0.0.0-0656","WRMSL","SECT10854411","118808621","","",""
"390C","U1557","B","1","H","1","","37.5","0.375","0.375","45.44","2020-11-02 03:38:35","MS3-V0.0.0.0-0656","WRMSL","SECT10854411","118808621","","",""
"390C","U1557","B","1","H","1","","40.0","0.400","0.400","41.40","2020-11-02 03:38:35","MS3-V0.0.0.0-0656","WRMSL","SECT10854411","118808621","","",""
"390C","U1557","B","1","H","1","","42.5","0.425","0.425","39.80","2020-11-02 03:38:35","MS3-V0.0.0.0-0656","WRMSL","SECT10854411","118808621","","",""
"390C","U1557","B","1","H","1","","45.0","0.450","0.450","43.08","2020-11-02 03:38:35","MS3-V0.0.0.0-0656","WRMSL","SECT10854411","118808621","","",""
"390C","U1557","B","1","H","1","","47.5","0.475","0.475","46.87","2020-11-02 03:38:35","MS3-V0.0.0.0-0656","WRMSL","SECT10854411","118808621","","",""
"390C","U1557","B","1","H","1","","50.0","0.500","0.500","49.11","2020-11-02 03:38:35","MS3-V0.0.0.0-0656","WRMSL","SECT10854411","118808621","","",""
"390C","U1557","B","1","H","1","","52.5","0.525","0.525","50.98","2020-11-02 03:38:35","MS3-V0.0.0.0-0656","WRMSL","SECT10854411","118808621","","",""
"390C","U1557","B","1","H","1","","55.0","0.550","0.550","53.48","2020-11-02 03:38:35","MS3-V0.0.0.0-0656","WRMSL","SECT10854411","118808621","","",""
"390C","U1557","B","1","H","1","","57.5","0.575","0.575","55.51","2020-11-02 03:38:35","MS3-V0.0.0.0-0656","WRMSL","SECT10854411","118808621","","",""
"390C","U1557","B","1","H","1","","60.0","0.600","0.600","56.55","2020-11-02 03:38:35","MS3-V0.0.0.0-0656","WRMSL","SECT10854411","118808621","","",""
"390C","U1557","B","1","H","1","","62.5","0.625","0.625","55.39","2020-11-02 03:38:35","MS3-V0.0.0.0-0656","WRMSL","SECT10854411","118808621","","",""
"390C","U1557","B","1","H","1","","65.0","0.650","0.650","54.46","2020-11-02 03:38:35","MS3-V0.0.0.0-0656","WRMSL","SECT10854411","118808621","","",""
"390C","U1557","B","1","H","1","","67.5","0.675","0.675","58.89","2020-11-02 03:38:35","MS3-V0.0.0.0-0656","WRMSL","SECT10854411","118808621","","",""
"390C","U1557","B","1","H","1","","70.0","0.700","0.700","60.95","2020-11-02 03:38:35","MS3-V0.0.0.0-0656","WRMSL","SECT10854411","118808621","","",""
"390C","U1557","B","1","H","1","","72.5","0.725","0.725","62.25","2020-11-02 03:38:35","MS3-V0.0.0.0-0656","WRMSL","SECT10854411","118808621","","",""
"390C","U1557","B","1","H","1","","75.0","0.750","0.750","60.23","2020-11-02 03:38:35","MS3-V0.0.0.0-0656","WRMSL","SECT10854411","118808621","","",""
"390C","U1557","B","1","H","1","","77.5","0.775","0.775","55.90","2020-11-02 03:38:35","MS3-V0.0.0.0-0656","WRMSL","SECT10854411","118808621","","",""
"390C","U1557","B","1","H","1","","80.0","0.800","0.800","52.74","2020-11-02 03:38:35","MS3-V0.0.0.0-0656","WRMSL","SECT10854411","118808621","","",""
"390C","U1557","B","1","H","1","","82.5","0.825","0.825","51.52","2020-11-02 03:38:35","MS3-V0.0.0.0-0656","WRMSL","SECT10854411","118808621","","",""
"390C","U1557","B","1","H","1","","85.0","0.850","0.850","51.03","2020-11-02 03:38:35","MS3-V0.0.0.0-0656","WRMSL","SECT10854411","118808621","","",""
"390C","U1557","B","1","H","1","","87.5","0.875","0.875","50.47","2020-11-02 03:38:35","MS3-V0.0.0.0-0656","WRMSL","SECT10854411","118808621","","",""
"390C","U1557","B","1","H","1","","90.0","0.900","0.900","49.65","2020-11-02 03:38:35","MS3-V0.0.0.0-0656","WRMSL","SECT10854411","118808621","","",""
"390C","U1557","B","1","H","1","","92.5","0.925","0.925","48.68","2020-11-02 03:38:35","MS3-V0.0.0.0-0656","WRMSL","SECT10854411","118808621","","",""
"390C","U1557","B","1","H","1","","95.0","0.950","0.950","47.39","2020-11-02 03:38:35","MS3-V0.0.0.0-0656","WRMSL","SECT10854411","118808621","","",""
"390C","U1557","B","1","H","1","","97.5","0.975","0.975","47.46","2020-11-02 03:38:35","MS3-V0.0.0.0-0656","WRMSL","SECT10854411","118808621","","",""
"390C","U1557","B","1","H","1","","100.0","1.000","1.000","48.56","2020-11-02 03:38:35","MS3-V0.0.0.0-0656","WRMSL","SECT10854411","118808621","","",""
"390C","U1557","B","1","H","1","","102.5","1.025","1.025","48.97","2020-11-02 03:38:35","MS3-V0.0.0.0-0656","WRMSL","SECT10854411","118808621","","",""
"390C","U1557","B","1","H","1","","105.0","1.050","1.050","48.41","2020-11-02 03:38:35","MS3-V0.0.0.0-0656","WRMSL","SECT10854411","118808621","","",""
"390C","U1557","B","1","H","1","","107.5","1.075","1.075","47.22","2020-11-02 03:38:35","MS3-V0.0.0.0-0656","WRMSL","SECT10854411","118808621","","",""
"390C","U1557","B","1","H","1","","110.0","1.100","1.100","46.55","2020-11-02 03:38:35","MS3-V0.0.0.0-0656","WRMSL","SECT10854411","118808621","","",""
"390C","U1557","B","1","H","1","","112.5","1.125","1.125","47.04","2020-11-02 03:38:35","MS3-V0.0.0.0-0656","WRMSL","SECT10854411","118808621","","",""
"390C","U1557","B","1","H","1","","115.0","1.150","1.150","47.98","2020-11-02 03:38:35","MS3-V0.0.0.0-0656","WRMSL","SECT10854411","118808621","","",""
"390C","U1557","B","1","H","1","","117.5","1.175","1.175","48.83","2020-11-02 03:38:35","MS3-V0.0.0.0-0656","WRMSL","SECT10854411","118808621","","",""
"390C","U1557","B","1","H","1","","120.0","1.200","1.200","48.81","2020-11-02 03:38:35","MS3-V0.0.0.0-0656","WRMSL","SECT10854411","118808621","","",""
"390C","U1557","B","1","H","1","","122.5","1.225","1.225","48.77","2020-11-02 03:38:35","MS3-V0.0.0.0-0656","WRMSL","SECT10854411","118808621","","",""
"390C","U1557","B","1","H","1","","125.0","1.250","1.250","48.61","2020-11-02 03:38:35","MS3-V0.0.0.0-0656","WRMSL","SECT10854411","118808621","","",""
"390C","U1557","B","1","H","1","","127.5","1.275","1.275","47.29","2020-11-02 03:38:35","MS3-V0.0.0.0-0656","WRMSL","SECT10854411","118808621","","",""
"390C","U1557","B","1","H","1","","130.0","1.300","1.300","47.32","2020-11-02 03:38:35","MS3-V0.0.0.0-0656","WRMSL","SECT10854411","118808621","","",""
"390C","U1557","B","1","H","1","","132.5","1.325","1.325","47.07","2020-11-02 03:38:35","MS3-V0.0.0.0-0656","WRMSL","SECT10854411","118808621","","",""
"390C","U1557","B","1","H","1","","135.0","1.350","1.350","46.64","2020-11-02 03:38:35","MS3-V0.0.0.0-0656","WRMSL","SECT10854411","118808621","","",""
"390C","U1557","B","1","H","1","","137.5","1.375","1.375","46.40","2020-11-02 03:38:35","MS3-V0.0.0.0-0656","WRMSL","SECT10854411","118808621","","",""
"390C","U1557","B","1","H","1","","140.0","1.400","1.400","46.59","2020-11-02 03:38:35","MS3-V0.0.0.0-0656","WRMSL","SECT10854411","118808621","","",""
"390C","U1557","B","1","H","1","","142.5","1.425","1.425","47.11","2020-11-02 03:38:35","MS3-V0.0.0.0-0656","WRMSL","SECT10854411","118808621","","",""
"390C","U1557","B","1","H","1","","145.0","1.450","1.450","47.39","2020-11-02 03:38:35","MS3-V0.0.0.0-0656","WRMSL","SECT10854411","118808621","","",""
"390C","U1557","B","1","H","1","","147.5","1.475","1.475","47.13","2020-11-02 03:38:35","MS3-V0.0.0.0-0656","WRMSL","SECT10854411","118808621","","",""
"390C","U1557","B","1","H","2","","3.8","1.538","1.538","54.71","2020-11-02 03:45:40","MS3-V0.0.0.0-0656","WRMSL","SECT10854441","118808651","","",""
"390C","U1557","B","1","H","2","","6.3","1.563","1.563","59.44","2020-11-02 03:45:40","MS3-V0.0.0.0-0656","WRMSL","SECT10854441","118808651","","",""
"390C","U1557","B","1","H","2","","8.8","1.588","1.588","62.44","2020-11-02 03:45:40","MS3-V0.0.0.0-0656","WRMSL","SECT10854441","118808651","","",""
"390C","U1557","B","1","H","2","","11.3","1.613","1.613","60.09","2020-11-02 03:45:40","MS3-V0.0.0.0-0656","WRMSL","SECT10854441","118808651","","",""
"390C","U1557","B","1","H","2","","13.8","1.638","1.638","55.95","2020-11-02 03:45:40","MS3-V0.0.0.0-0656","WRMSL","SECT10854441","118808651","","",""
"390C","U1557","B","1","H","2","","16.3","1.663","1.663","52.83","2020-11-02 03:45:40","MS3-V0.0.0.0-0656","WRMSL","SECT10854441","118808651","","",""
"390C","U1557","B","1","H","2","","18.8","1.688","1.688","51.27","2020-11-02 03:45:40","MS3-V0.0.0.0-0656","WRMSL","SECT10854441","118808651","","",""
"390C","U1557","B","1","H","2","","21.3","1.713","1.713","52.20","2020-11-02 03:45:40","MS3-V0.0.0.0-0656","WRMSL","SECT10854441","118808651","","",""
"390C","U1557","B","1","H","2","","23.8","1.738","1.738","54.23","2020-11-02 03:45:40","MS3-V0.0.0.0-0656","WRMSL","SECT10854441","118808651","","",""
"390C","U1557","B","1","H","2","","26.3","1.763","1.763","55.26","2020-11-02 03:45:40","MS3-V0.0.0.0-0656","WRMSL","SECT10854441","118808651","","",""
"390C","U1557","B","1","H","2","","28.8","1.788","1.788","55.55","2020-11-02 03:45:40","MS3-V0.0.0.0-0656","WRMSL","SECT10854441","118808651","","",""
"390C","U1557","B","1","H","2","","31.3","1.813","1.813","54.53","2020-11-02 03:45:40","MS3-V0.0.0.0-0656","WRMSL","SECT10854441","118808651","","",""
"390C","U1557","B","1","H","2","","33.8","1.838","1.838","51.91","2020-11-02 03:45:40","MS3-V0.0.0.0-0656","WRMSL","SECT10854441","118808651","","",""
"390C","U1557","B","1","H","2","","36.3","1.863","1.863","50.89","2020-11-02 03:45:40","MS3-V0.0.0.0-0656","WRMSL","SECT10854441","118808651","","",""
"390C","U1557","B","1","H","2","","38.8","1.888","1.888","53.71","2020-11-02 03:45:40","MS3-V0.0.0.0-0656","WRMSL","SECT10854441","118808651","","",""
"390C","U1557","B","1","H","2","","41.3","1.913","1.913","55.65","2020-11-02 03:45:40","MS3-V0.0.0.0-0656","WRMSL","SECT10854441","118808651","","",""
"390C","U1557","B","1","H","2","","43.8","1.938","1.938","55.14","2020-11-02 03:45:40","MS3-V0.0.0.0-0656","WRMSL","SECT10854441","118808651","","",""
"390C","U1557","B","1","H","2","","46.3","1.963","1.963","54.95","2020-11-02 03:45:40","MS3-V0.0.0.0-0656","WRMSL","SECT10854441","118808651","","",""
"390C","U1557","B","1","H","2","","48.8","1.988","1.988","55.08","2020-11-02 03:45:40","MS3-V0.0.0.0-0656","WRMSL","SECT10854441","118808651","","",""
"390C","U1557","B","1","H","2","","51.3","2.013","2.013","55.31","2020-11-02 03:45:40","MS3-V0.0.0.0-0656","WRMSL","SECT10854441","118808651","","",""
"390C","U1557","B","1","H","2","","53.8","2.038","2.038","56.40","2020-11-02 03:45:40","MS3-V0.0.0.0-0656","WRMSL","SECT10854441","118808651","","",""
"390C","U1557","B","1","H","2","","56.3","2.063","2.063","57.24","2020-11-02 03:45:40","MS3-V0.0.0.0-0656","WRMSL","SECT10854441","118808651","","",""
"390C","U1557","B","1","H","2","","58.8","2.088","2.088","58.21","2020-11-02 03:45:40","MS3-V0.0.0.0-0656","WRMSL","SECT10854441","118808651","","",""
"390C","U1557","B","1","H","2","","61.3","2.113","2.113","59.23","2020-11-02 03:45:40","MS3-V0.0.0.0-0656","WRMSL","SECT10854441","118808651","","",""
"390C","U1557","B","1","H","2","","63.8","2.138","2.138","60.17","2020-11-02 03:45:40","MS3-V0.0.0.0-0656","WRMSL","SECT10854441","118808651","","",""
"390C","U1557","B","1","H","2","","66.3","2.163","2.163","61.26","2020-11-02 03:45:40","MS3-V0.0.0.0-0656","WRMSL","SECT10854441","118808651","","",""
"390C","U1557","B","1","H","2","","68.8","2.188","2.188","61.29","2020-11-02 03:45:40","MS3-V0.0.0.0-0656","WRMSL","SECT10854441","118808651","","",""
"390C","U1557","B","1","H","2","","71.3","2.213","2.213","62.47","2020-11-02 03:45:40","MS3-V0.0.0.0-0656","WRMSL","SECT10854441","118808651","","",""
"390C","U1557","B","1","H","2","","73.8","2.238","2.238","64.71","2020-11-02 03:45:40","MS3-V0.0.0.0-0656","WRMSL","SECT10854441","118808651","","",""
"390C","U1557","B","1","H","2","","76.3","2.263","2.263","67.58","2020-11-02 03:45:40","MS3-V0.0.0.0-0656","WRMSL","SECT10854441","118808651","","",""
"390C","U1557","B","1","H","2","","78.8","2.288","2.288","70.12","2020-11-02 03:45:40","MS3-V0.0.0.0-0656","WRMSL","SECT10854441","118808651","","",""
"390C","U1557","B","1","H","2","","81.3","2.313","2.313","70.62","2020-11-02 03:45:40","MS3-V0.0.0.0-0656","WRMSL","SECT10854441","118808651","","",""
"390C","U1557","B","1","H","2","","83.8","2.338","2.338","67.60","2020-11-02 03:45:40","MS3-V0.0.0.0-0656","WRMSL","SECT10854441","118808651","","",""
"390C","U1557","B","1","H","2","","86.3","2.363","2.363","63.98","2020-11-02 03:45:40","MS3-V0.0.0.0-0656","WRMSL","SECT10854441","118808651","","",""
"390C","U1557","B","1","H","2","","88.8","2.388","2.388","62.57","2020-11-02 03:45:40","MS3-V0.0.0.0-0656","WRMSL","SECT10854441","118808651","","",""
"390C","U1557","B","1","H","2","","91.3","2.413","2.413","61.50","2020-11-02 03:45:40","MS3-V0.0.0.0-0656","WRMSL","SECT10854441","118808651","","",""
"390C","U1557","B","1","H","2","","93.8","2.438","2.438","59.08","2020-11-02 03:45:40","MS3-V0.0.0.0-0656","WRMSL","SECT10854441","118808651","","",""
"390C","U1557","B","1","H","2","","96.3","2.463","2.463","56.37","2020-11-02 03:45:40","MS3-V0.0.0.0-0656","WRMSL","SECT10854441","118808651","","",""
"390C","U1557","B","1","H","2","","98.8","2.488","2.488","55.96","2020-11-02 03:45:40","MS3-V0.0.0.0-0656","WRMSL","SECT10854441","118808651","","",""
"390C","U1557","B","1","H","2","","101.3","2.513","2.513","56.20","2020-11-02 03:45:40","MS3-V0.0.0.0-0656","WRMSL","SECT10854441","118808651","","",""
"390C","U1557","B","1","H","2","","103.8","2.538","2.538","56.80","2020-11-02 03:45:40","MS3-V0.0.0.0-0656","WRMSL","SECT10854441","118808651","","",""
"390C","U1557","B","1","H","2","","106.3","2.563","2.563","56.52","2020-11-02 03:45:40","MS3-V0.0.0.0-0656","WRMSL","SECT10854441","118808651","","",""
"390C","U1557","B","1","H","2","","108.8","2.588","2.588","55.73","2020-11-02 03:45:40","MS3-V0.0.0.0-0656","WRMSL","SECT10854441","118808651","","",""
"390C","U1557","B","1","H","2","","111.3","2.613","2.613","56.11","2020-11-02 03:45:40","MS3-V0.0.0.0-0656","WRMSL","SECT10854441","118808651","","",""
"390C","U1557","B","1","H","2","","113.8","2.638","2.638","57.51","2020-11-02 03:45:40","MS3-V0.0.0.0-0656","WRMSL","SECT10854441","118808651","","",""
"390C","U1557","B","1","H","2","","116.3","2.663","2.663","58.51","2020-11-02 03:45:40","MS3-V0.0.0.0-0656","WRMSL","SECT10854441","118808651","","",""
"390C","U1557","B","1","H","2","","118.8","2.688","2.688","59.22","2020-11-02 03:45:40","MS3-V0.0.0.0-0656","WRMSL","SECT10854441","118808651","","",""
"390C","U1557","B","1","H","2","","121.3","2.713","2.713","59.39","2020-11-02 03:45:40","MS3-V0.0.0.0-0656","WRMSL","SECT10854441","118808651","","",""
"390C","U1557","B","1","H","2","","123.8","2.738","2.738","58.63","2020-11-02 03:45:40","MS3-V0.0.0.0-0656","WRMSL","SECT10854441","118808651","","",""
"390C","U1557","B","1","H","2","","126.3","2.763","2.763","56.56","2020-11-02 03:45:40","MS3-V0.0.0.0-0656","WRMSL","SECT10854441","118808651","","",""
"390C","U1557","B","1","H","2","","128.8","2.788","2.788","54.62","2020-11-02 03:45:40","MS3-V0.0.0.0-0656","WRMSL","SECT10854441","118808651","","",""
"390C","U1557","B","1","H","2","","131.3","2.813","2.813","51.79","2020-11-02 03:45:40","MS3-V0.0.0.0-0656","WRMSL","SECT10854441","118808651","","",""
"390C","U1557","B","1","H","2","","133.8","2.838","2.838","43.44","2020-11-02 03:45:40","MS3-V0.0.0.0-0656","WRMSL","SECT10854441","118808651","","",""
"390C","U1557","B","1","H","2","","136.3","2.863","2.863","36.26","2020-11-02 03:45:40","MS3-V0.0.0.0-0656","WRMSL","SECT10854441","118808651","","",""
"390C","U1557","B","1","H","2","","138.8","2.888","2.888","38.64","2020-11-02 03:45:40","MS3-V0.0.0.0-0656","WRMSL","SECT10854441","118808651","","",""
"390C","U1557","B","1","H","2","","141.3","2.913","2.913","34.78","2020-11-02 03:45:40","MS3-V0.0.0.0-0656","WRMSL","SECT10854441","118808651","","",""
"390C","U1557","B","1","H","3","","4.2","3.032","3.032","49.13","2020-11-02 03:50:27","MS3-V0.0.0.0-0656","WRMSL","SECT10854471","118808681","","",""
"390C","U1557","B","1","H","3","","6.7","3.057","3.057","53.15","2020-11-02 03:50:27","MS3-V0.0.0.0-0656","WRMSL","SECT10854471","118808681","","",""
"390C","U1557","B","1","H","3","","9.2","3.082","3.082","54.90","2020-11-02 03:50:27","MS3-V0.0.0.0-0656","WRMSL","SECT10854471","118808681","","",""
"390C","U1557","B","1","H","3","","11.7","3.107","3.107","51.23","2020-11-02 03:50:27","MS3-V0.0.0.0-0656","WRMSL","SECT10854471","118808681","","",""
"390C","U1557","B","1","H","3","","14.2","3.132","3.132","46.36","2020-11-02 03:50:27","MS3-V0.0.0.0-0656","WRMSL","SECT10854471","118808681","","",""
"390C","U1557","B","1","H","3","","16.7","3.157","3.157","50.97","2020-11-02 03:50:27","MS3-V0.0.0.0-0656","WRMSL","SECT10854471","118808681","","",""
"390C","U1557","B","1","H","3","","19.2","3.182","3.182","58.51","2020-11-02 03:50:27","MS3-V0.0.0.0-0656","WRMSL","SECT10854471","118808681","","",""
"390C","U1557","B","1","H","3","","21.7","3.207","3.207","61.21","2020-11-02 03:50:27","MS3-V0.0.0.0-0656","WRMSL","SECT10854471","118808681","","",""
"390C","U1557","B","1","H","3","","24.2","3.232","3.232","60.49","2020-11-02 03:50:27","MS3-V0.0.0.0-0656","WRMSL","SECT10854471","118808681","","",""
"390C","U1557","B","1","H","3","","26.7","3.257","3.257","58.22","2020-11-02 03:50:27","MS3-V0.0.0.0-0656","WRMSL","SECT10854471","118808681","","",""
"390C","U1557","B","1","H","3","","29.2","3.282","3.282","55.92","2020-11-02 03:50:27","MS3-V0.0.0.0-0656","WRMSL","SECT10854471","118808681","","",""
"390C","U1557","B","1","H","3","","31.7","3.307","3.307","52.92","2020-11-02 03:50:27","MS3-V0.0.0.0-0656","WRMSL","SECT10854471","118808681","","",""
"390C","U1557","B","1","H","3","","34.2","3.332","3.332","51.36","2020-11-02 03:50:27","MS3-V0.0.0.0-0656","WRMSL","SECT10854471","118808681","","",""
"390C","U1557","B","1","H","3","","36.7","3.357","3.357","51.22","2020-11-02 03:50:27","MS3-V0.0.0.0-0656","WRMSL","SECT10854471","118808681","","",""
"390C","U1557","B","1","H","3","","39.2","3.382","3.382","51.75","2020-11-02 03:50:27","MS3-V0.0.0.0-0656","WRMSL","SECT10854471","118808681","","",""
"390C","U1557","B","1","H","3","","41.7","3.407","3.407","52.27","2020-11-02 03:50:27","MS3-V0.0.0.0-0656","WRMSL","SECT10854471","118808681","","",""
"390C","U1557","B","1","H","3","","44.2","3.432","3.432","52.99","2020-11-02 03:50:27","MS3-V0.0.0.0-0656","WRMSL","SECT10854471","118808681","","",""
"390C","U1557","B","1","H","3","","46.7","3.457","3.457","52.95","2020-11-02 03:50:27","MS3-V0.0.0.0-0656","WRMSL","SECT10854471","118808681","","",""
"390C","U1557","B","1","H","3","","49.2","3.482","3.482","52.84","2020-11-02 03:50:27","MS3-V0.0.0.0-0656","WRMSL","SECT10854471","118808681","","",""
"390C","U1557","B","1","H","3","","51.7","3.507","3.507","52.42","2020-11-02 03:50:27","MS3-V0.0.0.0-0656","WRMSL","SECT10854471","118808681","","",""
"390C","U1557","B","1","H","3","","54.2","3.532","3.532","50.80","2020-11-02 03:50:27","MS3-V0.0.0.0-0656","WRMSL","SECT10854471","118808681","","",""
"390C","U1557","B","1","H","3","","56.7","3.557","3.557","47.52","2020-11-02 03:50:27","MS3-V0.0.0.0-0656","WRMSL","SECT10854471","118808681","","",""
"390C","U1557","B","1","H","3","","59.2","3.582","3.582","45.03","2020-11-02 03:50:27","MS3-V0.0.0.0-0656","WRMSL","SECT10854471","118808681","","",""
"390C","U1557","B","1","H","3","","61.7","3.607","3.607","44.07","2020-11-02 03:50:27","MS3-V0.0.0.0-0656","WRMSL","SECT10854471","118808681","","",""
"390C","U1557","B","1","H","3","","64.2","3.632","3.632","43.53","2020-11-02 03:50:27","MS3-V0.0.0.0-0656","WRMSL","SECT10854471","118808681","","",""
"390C","U1557","B","1","H","3","","66.7","3.657","3.657","43.06","2020-11-02 03:50:27","MS3-V0.0.0.0-0656","WRMSL","SECT10854471","118808681","","",""
"390C","U1557","B","1","H","3","","69.2","3.682","3.682","42.54","2020-11-02 03:50:27","MS3-V0.0.0.0-0656","WRMSL","SECT10854471","118808681","","",""
"390C","U1557","B","1","H","3","","71.7","3.707","3.707","41.22","2020-11-02 03:50:27","MS3-V0.0.0.0-0656","WRMSL","SECT10854471","118808681","","",""
"390C","U1557","B","1","H","3","","74.2","3.732","3.732","37.81","2020-11-02 03:50:27","MS3-V0.0.0.0-0656","WRMSL","SECT10854471","118808681","","",""
"390C","U1557","B","1","H","3","","76.7","3.757","3.757","34.11","2020-11-02 03:50:27","MS3-V0.0.0.0-0656","WRMSL","SECT10854471","118808681","","",""
"390C","U1557","B","1","H","3","","79.2","3.782","3.782","29.71","2020-11-02 03:50:27","MS3-V0.0.0.0-0656","WRMSL","SECT10854471","118808681","","",""
"390C","U1557","B","1","H","3","","81.7","3.807","3.807","22.09","2020-11-02 03:50:27","MS3-V0.0.0.0-0656","WRMSL","SECT10854471","118808681","","",""
"390C","U1557","B","1","H","3","","84.2","3.832","3.832","16.61","2020-11-02 03:50:27","MS3-V0.0.0.0-0656","WRMSL","SECT10854471","118808681","","",""
"390C","U1557","B","1","H","3","","86.7","3.857","3.857","10.52","2020-11-02 03:50:27","MS3-V0.0.0.0-0656","WRMSL","SECT10854471","118808681","","",""
"390C","U1557","A","1","H","1","","5.0","0.050","4.150","9.90","2020-11-02 02:35:24","MS3-V0.0.0.0-0656","WRMSL","SECT10854151","118808231","MISSED MUDLINE","",""
"390C","U1557","A","1","H","1","","7.5","0.075","4.175","10.91","2020-11-02 02:35:24","MS3-V0.0.0.0-0656","WRMSL","SECT10854151","118808231","MISSED MUDLINE","",""
"390C","U1557","A","1","H","1","","10.0","0.100","4.200","11.13","2020-11-02 02:35:24","MS3-V0.0.0.0-0656","WRMSL","SECT10854151","118808231","MISSED MUDLINE","",""
"390C","U1557","A","1","H","1","","12.5","0.125","4.225","13.18","2020-11-02 02:35:24","MS3-V0.0.0.0-0656","WRMSL","SECT10854151","118808231","MISSED MUDLINE","",""
"390C","U1557","A","1","H","1","","15.0","0.150","4.250","20.32","2020-11-02 02:35:24","MS3-V0.0.0.0-0656","WRMSL","SECT10854151","118808231","MISSED MUDLINE","",""
"390C","U1557","A","1","H","1","","17.5","0.175","4.275","29.71","2020-11-02 02:35:24","MS3-V0.0.0.0-0656","WRMSL","SECT10854151","118808231","MISSED MUDLINE","",""
"390C","U1557","A","1","H","1","","20.0","0.200","4.300","35.50","2020-11-02 02:35:24","MS3-V0.0.0.0-0656","WRMSL","SECT10854151","118808231","MISSED MUDLINE","",""
"390C","U1557","A","1","H","1","","22.5","0.225","4.325","39.44","2020-11-02 02:35:24","MS3-V0.0.0.0-0656","WRMSL","SECT10854151","118808231","MISSED MUDLINE","",""
"390C","U1557","A","1","H","1","","25.0","0.250","4.350","43.46","2020-11-02 02:35:24","MS3-V0.0.0.0-0656","WRMSL","SECT10854151","118808231","MISSED MUDLINE","",""
"390C","U1557","A","1","H","1","","27.5","0.275","4.375","47.62","2020-11-02 02:35:24","MS3-V0.0.0.0-0656","WRMSL","SECT10854151","118808231","MISSED MUDLINE","",""
"390C","U1557","A","1","H","1","","30.0","0.300","4.400","51.37","2020-11-02 02:35:24","MS3-V0.0.0.0-0656","WRMSL","SECT10854151","118808231","MISSED MUDLINE","",""
"390C","U1557","A","1","H","1","","32.5","0.325","4.425","54.40","2020-11-02 02:35:24","MS3-V0.0.0.0-0656","WRMSL","SECT10854151","118808231","MISSED MUDLINE","",""
"390C","U1557","A","1","H","1","","35.0","0.350","4.450","55.97","2020-11-02 02:35:24","MS3-V0.0.0.0-0656","WRMSL","SECT10854151","118808231","MISSED MUDLINE","",""
"390C","U1557","A","1","H","1","","37.5","0.375","4.475","57.91","2020-11-02 02:35:24","MS3-V0.0.0.0-0656","WRMSL","SECT10854151","118808231","MISSED MUDLINE","",""
"390C","U1557","A","1","H","1","","40.0","0.400","4.500","58.81","2020-11-02 02:35:24","MS3-V0.0.0.0-0656","WRMSL","SECT10854151","118808231","MISSED MUDLINE","",""
"390C","U1557","A","1","H","1","","42.5","0.425","4.525","58.49","2020-11-02 02:35:24","MS3-V0.0.0.0-0656","WRMSL","SECT10854151","118808231","MISSED MUDLINE","",""
"390C","U1557","A","1","H","1","","45.0","0.450","4.550","57.94","2020-11-02 02:35:24","MS3-V0.0.0.0-0656","WRMSL","SECT10854151","118808231","MISSED MUDLINE","",""
"390C","U1557","A","1","H","1","","47.5","0.475","4.575","58.31","2020-11-02 02:35:24","MS3-V0.0.0.0-0656","WRMSL","SECT10854151","118808231","MISSED MUDLINE","",""
"390C","U1557","A","1","H","1","","50.0","0.500","4.600","58.70","2020-11-02 02:35:24","MS3-V0.0.0.0-0656","WRMSL","SECT10854151","118808231","MISSED MUDLINE","",""
"390C","U1557","A","1","H","1","","52.5","0.525","4.625","59.22","2020-11-02 02:35:24","MS3-V0.0.0.0-0656","WRMSL","SECT10854151","118808231","MISSED MUDLINE","",""
"390C","U1557","A","1","H","1","","55.0","0.550","4.650","59.65","2020-11-02 02:35:24","MS3-V0.0.0.0-0656","WRMSL","SECT10854151","118808231","MISSED MUDLINE","",""
"390C","U1557","A","1","H","1","","57.5","0.575","4.675","59.68","2020-11-02 02:35:24","MS3-V0.0.0.0-0656","WRMSL","SECT10854151","118808231","MISSED MUDLINE","",""
"390C","U1557","A","1","H","1","","60.0","0.600","4.700","60.30","2020-11-02 02:35:24","MS3-V0.0.0.0-0656","WRMSL","SECT10854151","118808231","MISSED MUDLINE","",""
"390C","U1557","A","1","H","1","","62.5","0.625","4.725","60.78","2020-11-02 02:35:24","MS3-V0.0.0.0-0656","WRMSL","SECT10854151","118808231","MISSED MUDLINE","",""
"390C","U1557","A","1","H","1","","65.0","0.650","4.750","60.78","2020-11-02 02:35:24","MS3-V0.0.0.0-0656","WRMSL","SECT10854151","118808231","MISSED MUDLINE","",""
"390C","U1557","A","1","H","1","","67.5","0.675","4.775","60.88","2020-11-02 02:35:24","MS3-V0.0.0.0-0656","WRMSL","SECT10854151","118808231","MISSED MUDLINE","",""
"390C","U1557","A","1","H","1","","70.0","0.700","4.800","61.70","2020-11-02 02:35:24","MS3-V0.0.0.0-0656","WRMSL","SECT10854151","118808231","MISSED MUDLINE","",""
"390C","U1557","A","1","H","1","","72.5","0.725","4.825","62.37","2020-11-02 02:35:24","MS3-V0.0.0.0-0656","WRMSL","SECT10854151","118808231","MISSED MUDLINE","",""
"390C","U1557","A","1","H","1","","75.0","0.750","4.850","63.61","2020-11-02 02:35:24","MS3-V0.0.0.0-0656","WRMSL","SECT10854151","118808231","MISSED MUDLINE","",""
"390C","U1557","A","1","H","1","","77.5","0.775","4.875","64.27","2020-11-02 02:35:24","MS3-V0.0.0.0-0656","WRMSL","SECT10854151","118808231","MISSED MUDLINE","",""
"390C","U1557","A","1","H","1","","80.0","0.800","4.900","65.10","2020-11-02 02:35:24","MS3-V0.0.0.0-0656","WRMSL","SECT10854151","118808231","MISSED MUDLINE","",""
"390C","U1557","A","1","H","1","","82.5","0.825","4.925","64.83","2020-11-02 02:35:24","MS3-V0.0.0.0-0656","WRMSL","SECT10854151","118808231","MISSED MUDLINE","",""
"390C","U1557","A","1","H","1","","85.0","0.850","4.950","64.63","2020-11-02 02:35:24","MS3-V0.0.0.0-0656","WRMSL","SECT10854151","118808231","MISSED MUDLINE","",""
"390C","U1557","A","1","H","1","","87.5","0.875","4.975","65.51","2020-11-02 02:35:24","MS3-V0.0.0.0-0656","WRMSL","SECT10854151","118808231","MISSED MUDLINE","",""
"390C","U1557","A","1","H","1","","90.0","0.900","5.000","67.03","2020-11-02 02:35:24","MS3-V0.0.0.0-0656","WRMSL","SECT10854151","118808231","MISSED MUDLINE","",""
"390C","U1557","A","1","H","1","","92.5","0.925","5.025","68.24","2020-11-02 02:35:24","MS3-V0.0.0.0-0656","WRMSL","SECT10854151","118808231","MISSED MUDLINE","",""
"390C","U1557","A","1","H","1","","95.0","0.950","5.050","69.15","2020-11-02 02:35:24","MS3-V0.0.0.0-0656","WRMSL","SECT10854151","118808231","MISSED MUDLINE","",""
"390C","U1557","A","1","H","1","","97.5","0.975","5.075","69.73","2020-11-02 02:35:24","MS3-V0.0.0.0-0656","WRMSL","SECT10854151","118808231","MISSED MUDLINE","",""
"390C","U1557","A","1","H","1","","100.0","1.000","5.100","69.80","2020-11-02 02:35:24","MS3-V0.0.0.0-0656","WRMSL","SECT10854151","118808231","MISSED MUDLINE","",""
"390C","U1557","A","1","H","1","","102.5","1.025","5.125","70.42","2020-11-02 02:35:24","MS3-V0.0.0.0-0656","WRMSL","SECT10854151","118808231","MISSED MUDLINE","",""
"390C","U1557","A","1","H","1","","105.0","1.050","5.150","71.14","2020-11-02 02:35:24","MS3-V0.0.0.0-0656","WRMSL","SECT10854151","118808231","MISSED MUDLINE","",""
"390C","U1557","A","1","H","1","","107.5","1.075","5.175","71.63","2020-11-02 02:35:24","MS3-V0.0.0.0-0656","WRMSL","SECT10854151","118808231","MISSED MUDLINE","",""
"390C","U1557","A","1","H","1","","110.0","1.100","5.200","71.09","2020-11-02 02:35:24","MS3-V0.0.0.0-0656","WRMSL","SECT10854151","118808231","MISSED MUDLINE","",""
"390C","U1557","A","1","H","1","","112.5","1.125","5.225","68.90","2020-11-02 02:35:24","MS3-V0.0.0.0-0656","WRMSL","SECT10854151","118808231","MISSED MUDLINE","",""
"390C","U1557","A","1","H","1","","115.0","1.150","5.250","66.37","2020-11-02 02:35:24","MS3-V0.0.0.0-0656","WRMSL","SECT10854151","118808231","MISSED MUDLINE","",""
"390C","U1557","A","1","H","1","","117.5","1.175","5.275","62.66","2020-11-02 02:35:24","MS3-V0.0.0.0-0656","WRMSL","SECT10854151","118808231","MISSED MUDLINE","",""
"390C","U1557","A","1","H","1","","120.0","1.200","5.300","59.48","2020-11-02 02:35:24","MS3-V0.0.0.0-0656","WRMSL","SECT10854151","118808231","MISSED MUDLINE","",""
"390C","U1557","A","1","H","1","","122.5","1.225","5.325","58.30","2020-11-02 02:35:24","MS3-V0.0.0.0-0656","WRMSL","SECT10854151","118808231","MISSED MUDLINE","",""
"390C","U1557","A","1","H","1","","125.0","1.250","5.350","58.17","2020-11-02 02:35:24","MS3-V0.0.0.0-0656","WRMSL","SECT10854151","118808231","MISSED MUDLINE","",""
"390C","U1557","A","1","H","1","","127.5","1.275","5.375","59.00","2020-11-02 02:35:24","MS3-V0.0.0.0-0656","WRMSL","SECT10854151","118808231","MISSED MUDLINE","",""
"390C","U1557","A","1","H","1","","130.0","1.300","5.400","61.15","2020-11-02 02:35:24","MS3-V0.0.0.0-0656","WRMSL","SECT10854151","118808231","MISSED MUDLINE","",""
"390C","U1557","A","1","H","1","","132.5","1.325","5.425","62.57","2020-11-02 02:35:24","MS3-V0.0.0.0-0656","WRMSL","SECT10854151","118808231","MISSED MUDLINE","",""
"390C","U1557","A","1","H","1","","135.0","1.350","5.450","62.91","2020-11-02 02:35:24","MS3-V0.0.0.0-0656","WRMSL","SECT10854151","118808231","MISSED MUDLINE","",""
"390C","U1557","A","1","H","1","","137.5","1.375","5.475","62.09","2020-11-02 02:35:24","MS3-V0.0.0.0-0656","WRMSL","SECT10854151","118808231","MISSED MUDLINE","",""
"390C","U1557","A","1","H","1","","140.0","1.400","5.500","60.79","2020-11-02 02:35:24","MS3-V0.0.0.0-0656","WRMSL","SECT10854151","118808231","MISSED MUDLINE","",""
"390C","U1557","A","1","H","1","","142.5","1.425","5.525","61.31","2020-11-02 02:35:24","MS3-V0.0.0.0-0656","WRMSL","SECT10854151","118808231","MISSED MUDLINE","",""
"390C","U1557","A","1","H","1","","145.0","1.450","5.550","61.17","2020-11-02 02:35:24","MS3-V0.0.0.0-0656","WRMSL","SECT10854151","118808231","MISSED MUDLINE","",""
"390C","U1557","A","1","H","1","","147.5","1.475","5.575","57.57","2020-11-02 02:35:24","MS3-V0.0.0.0-0656","WRMSL","SECT10854151","118808231","MISSED MUDLINE","",""
"390C","U1557","A","1","H","2","","4.5","1.545","5.645","64.33","2020-11-02 02:42:14","MS3-V0.0.0.0-0656","WRMSL","SECT10854181","118808281","MISSED MUDLINE","",""
"390C","U1557","A","1","H","2","","7.0","1.570","5.670","63.34","2020-11-02 02:42:14","MS3-V0.0.0.0-0656","WRMSL","SECT10854181","118808281","MISSED MUDLINE","",""
"390C","U1557","A","1","H","2","","9.5","1.595","5.695","60.94","2020-11-02 02:42:14","MS3-V0.0.0.0-0656","WRMSL","SECT10854181","118808281","MISSED MUDLINE","",""
"390C","U1557","A","1","H","2","","12.0","1.620","5.720","59.50","2020-11-02 02:42:14","MS3-V0.0.0.0-0656","WRMSL","SECT10854181","118808281","MISSED MUDLINE","",""
"390C","U1557","A","1","H","2","","14.5","1.645","5.745","60.33","2020-11-02 02:42:14","MS3-V0.0.0.0-0656","WRMSL","SECT10854181","118808281","MISSED MUDLINE","",""
"390C","U1557","A","1","H","2","","17.0","1.670","5.770","63.23","2020-11-02 02:42:14","MS3-V0.0.0.0-0656","WRMSL","SECT10854181","118808281","MISSED MUDLINE","",""
"390C","U1557","A","1","H","2","","19.5","1.695","5.795","66.52","2020-11-02 02:42:14","MS3-V0.0.0.0-0656","WRMSL","SECT10854181","118808281","MISSED MUDLINE","",""
"390C","U1557","A","1","H","2","","22.0","1.720","5.820","70.07","2020-11-02 02:42:14","MS3-V0.0.0.0-0656","WRMSL","SECT10854181","118808281","MISSED MUDLINE","",""
"390C","U1557","A","1","H","2","","24.5","1.745","5.845","72.21","2020-11-02 02:42:14","MS3-V0.0.0.0-0656","WRMSL","SECT10854181","118808281","MISSED MUDLINE","",""
"390C","U1557","A","1","H","2","","27.0","1.770","5.870","73.62","2020-11-02 02:42:14","MS3-V0.0.0.0-0656","WRMSL","SECT10854181","118808281","MISSED MUDLINE","",""
"390C","U1557","A","1","H","2","","29.5","1.795","5.895","72.15","2020-11-02 02:42:14","MS3-V0.0.0.0-0656","WRMSL","SECT10854181","118808281","MISSED MUDLINE","",""
"390C","U1557","A","1","H","2","","32.0","1.820","5.920","69.40","2020-11-02 02:42:14","MS3-V0.0.0.0-0656","WRMSL","SECT10854181","118808281","MISSED MUDLINE","",""
"390C","U1557","A","1","H","2","","34.5","1.845","5.945","66.69","2020-11-02 02:42:14","MS3-V0.0.0.0-0656","WRMSL","SECT10854181","118808281","MISSED MUDLINE","",""
"390C","U1557","A","1","H","2","","37.0","1.870","5.970","64.17","2020-11-02 02:42:14","MS3-V0.0.0.0-0656","WRMSL","SECT10854181","118808281","MISSED MUDLINE","",""
"390C","U1557","A","1","H","2","","39.5","1.895","5.995","62.96","2020-11-02 02:42:14","MS3-V0.0.0.0-0656","WRMSL","SECT10854181","118808281","MISSED MUDLINE","",""
"390C","U1557","A","1","H","2","","42.0","1.920","6.020","63.27","2020-11-02 02:42:14","MS3-V0.0.0.0-0656","WRMSL","SECT10854181","118808281","MISSED MUDLINE","",""
"390C","U1557","A","1","H","2","","44.5","1.945","6.045","63.00","2020-11-02 02:42:14","MS3-V0.0.0.0-0656","WRMSL","SECT10854181","118808281","MISSED MUDLINE","",""
"390C","U1557","A","1","H","2","","47.0","1.970","6.070","62.22","2020-11-02 02:42:14","MS3-V0.0.0.0-0656","WRMSL","SECT10854181","118808281","MISSED MUDLINE","",""
"390C","U1557","A","1","H","2","","49.5","1.995","6.095","62.00","2020-11-02 02:42:14","MS3-V0.0.0.0-0656","WRMSL","SECT10854181","118808281","MISSED MUDLINE","",""
"390C","U1557","A","1","H","2","","52.0","2.020","6.120","62.36","2020-11-02 02:42:14","MS3-V0.0.0.0-0656","WRMSL","SECT10854181","118808281","MISSED MUDLINE","",""
"390C","U1557","A","1","H","2","","54.5","2.045","6.145","63.16","2020-11-02 02:42:14","MS3-V0.0.0.0-0656","WRMSL","SECT10854181","118808281","MISSED MUDLINE","",""
"390C","U1557","A","1","H","2","","57.0","2.070","6.170","64.67","2020-11-02 02:42:14","MS3-V0.0.0.0-0656","WRMSL","SECT10854181","118808281","MISSED MUDLINE","",""
"390C","U1557","A","1","H","2","","59.5","2.095","6.195","66.34","2020-11-02 02:42:14","MS3-V0.0.0.0-0656","WRMSL","SECT10854181","118808281","MISSED MUDLINE","",""
"390C","U1557","A","1","H","2","","62.0","2.120","6.220","64.48","2020-11-02 02:42:14","MS3-V0.0.0.0-0656","WRMSL","SECT10854181","118808281","MISSED MUDLINE","",""
"390C","U1557","A","1","H","2","","64.5","2.145","6.245","57.91","2020-11-02 02:42:14","MS3-V0.0.0.0-0656","WRMSL","SECT10854181","118808281","MISSED MUDLINE","",""
"390C","U1557","A","1","H","2","","67.0","2.170","6.270","51.45","2020-11-02 02:42:14","MS3-V0.0.0.0-0656","WRMSL","SECT10854181","118808281","MISSED MUDLINE","",""
"390C","U1557","A","1","H","2","","69.5","2.195","6.295","45.61","2020-11-02 02:42:14","MS3-V0.0.0.0-0656","WRMSL","SECT10854181","118808281","MISSED MUDLINE","",""
"390C","U1557","A","1","H","2","","72.0","2.220","6.320","41.09","2020-11-02 02:42:14","MS3-V0.0.0.0-0656","WRMSL","SECT10854181","118808281","MISSED MUDLINE","",""
"390C","U1557","A","1","H","2","","74.5","2.245","6.345","38.69","2020-11-02 02:42:14","MS3-V0.0.0.0-0656","WRMSL","SECT10854181","118808281","MISSED MUDLINE","",""
"390C","U1557","A","1","H","2","","77.0","2.270","6.370","38.80","2020-11-02 02:42:14","MS3-V0.0.0.0-0656","WRMSL","SECT10854181","118808281","MISSED MUDLINE","",""
"390C","U1557","A","1","H","2","","79.5","2.295","6.395","37.97","2020-11-02 02:42:14","MS3-V0.0.0.0-0656","WRMSL","SECT10854181","118808281","MISSED MUDLINE","",""
"390C","U1557","A","1","H","2","","82.0","2.320","6.420","37.63","2020-11-02 02:42:14","MS3-V0.0.0.0-0656","WRMSL","SECT10854181","118808281","MISSED MUDLINE","",""
"390C","U1557","A","1","H","2","","84.5","2.345","6.445","40.49","2020-11-02 02:42:14","MS3-V0.0.0.0-0656","WRMSL","SECT10854181","118808281","MISSED MUDLINE","",""
"390C","U1557","A","1","H","2","","87.0","2.370","6.470","39.93","2020-11-02 02:42:14","MS3-V0.0.0.0-0656","WRMSL","SECT10854181","118808281","MISSED MUDLINE","",""
"390C","U1557","A","1","H","2","","89.5","2.395","6.495","37.25","2020-11-02 02:42:14","MS3-V0.0.0.0-0656","WRMSL","SECT10854181","118808281","MISSED MUDLINE","",""
"390C","U1557","A","1","H","2","","92.0","2.420","6.520","37.48","2020-11-02 02:42:14","MS3-V0.0.0.0-0656","WRMSL","SECT10854181","118808281","MISSED MUDLINE","",""
"390C","U1557","A","1","H","2","","94.5","2.445","6.545","36.65","2020-11-02 02:42:14","MS3-V0.0.0.0-0656","WRMSL","SECT10854181","118808281","MISSED MUDLINE","",""
"390C","U1557","A","1","H","2","","97.0","2.470","6.570","35.76","2020-11-02 02:42:14","MS3-V0.0.0.0-0656","WRMSL","SECT10854181","118808281","MISSED MUDLINE","",""
"390C","U1557","A","1","H","2","","99.5","2.495","6.595","36.05","2020-11-02 02:42:14","MS3-V0.0.0.0-0656","WRMSL","SECT10854181","118808281","MISSED MUDLINE","",""
"390C","U1557","A","1","H","2","","102.0","2.520","6.620","34.81","2020-11-02 02:42:14","MS3-V0.0.0.0-0656","WRMSL","SECT10854181","118808281","MISSED MUDLINE","",""
"390C","U1557","A","1","H","2","","104.5","2.545","6.645","33.96","2020-11-02 02:42:14","MS3-V0.0.0.0-0656","WRMSL","SECT10854181","118808281","MISSED MUDLINE","",""
"390C","U1557","A","1","H","2","","107.0","2.570","6.670","32.94","2020-11-02 02:42:14","MS3-V0.0.0.0-0656","WRMSL","SECT10854181","118808281","MISSED MUDLINE","",""
"390C","U1557","A","1","H","2","","109.5","2.595","6.695","32.51","2020-11-02 02:42:14","MS3-V0.0.0.0-0656","WRMSL","SECT10854181","118808281","MISSED MUDLINE","",""
"390C","U1557","A","1","H","2","","112.0","2.620","6.720","32.46","2020-11-02 02:42:14","MS3-V0.0.0.0-0656","WRMSL","SECT10854181","118808281","MISSED MUDLINE","",""
"390C","U1557","A","1","H","2","","114.5","2.645","6.745","32.94","2020-11-02 02:42:14","MS3-V0.0.0.0-0656","WRMSL","SECT10854181","118808281","MISSED MUDLINE","",""
"390C","U1557","A","1","H","2","","117.0","2.670","6.770","33.62","2020-11-02 02:42:14","MS3-V0.0.0.0-0656","WRMSL","SECT10854181","118808281","MISSED MUDLINE","",""
"390C","U1557","A","1","H","2","","119.5","2.695","6.795","34.21","2020-11-02 02:42:14","MS3-V0.0.0.0-0656","WRMSL","SECT10854181","118808281","MISSED MUDLINE","",""
"390C","U1557","A","1","H","2","","122.0","2.720","6.820","34.42","2020-11-02 02:42:14","MS3-V0.0.0.0-0656","WRMSL","SECT10854181","118808281","MISSED MUDLINE","",""
"390C","U1557","A","1","H","2","","124.5","2.745","6.845","35.58","2020-11-02 02:42:14","MS3-V0.0.0.0-0656","WRMSL","SECT10854181","118808281","MISSED MUDLINE","",""
"390C","U1557","A","1","H","2","","127.0","2.770","6.870","35.81","2020-11-02 02:42:14","MS3-V0.0.0.0-0656","WRMSL","SECT10854181","118808281","MISSED MUDLINE","",""
"390C","U1557","A","1","H","2","","129.5","2.795","6.895","36.03","2020-11-02 02:42:14","MS3-V0.0.0.0-0656","WRMSL","SECT10854181","118808281","MISSED MUDLINE","",""
"390C","U1557","A","1","H","2","","132.0","2.820","6.920","36.05","2020-11-02 02:42:14","MS3-V0.0.0.0-0656","WRMSL","SECT10854181","118808281","MISSED MUDLINE","",""
"390C","U1557","A","1","H","2","","134.5","2.845","6.945","35.51","2020-11-02 02:42:14","MS3-V0.0.0.0-0656","WRMSL","SECT10854181","118808281","MISSED MUDLINE","",""
"390C","U1557","A","1","H","2","","137.0","2.870","6.970","34.90","2020-11-02 02:42:14","MS3-V0.0.0.0-0656","WRMSL","SECT10854181","118808281","MISSED MUDLINE","",""
"390C","U1557","A","1","H","2","","139.5","2.895","6.995","34.80","2020-11-02 02:42:14","MS3-V0.0.0.0-0656","WRMSL","SECT10854181","118808281","MISSED MUDLINE","",""
"390C","U1557","A","1","H","2","","142.0","2.920","7.020","34.57","2020-11-02 02:42:14","MS3-V0.0.0.0-0656","WRMSL","SECT10854181","118808281","MISSED MUDLINE","",""
"390C","U1557","A","1","H","2","","144.5","2.945","7.045","33.69","2020-11-02 02:42:14","MS3-V0.0.0.0-0656","WRMSL","SECT10854181","118808281","MISSED MUDLINE","",""
"390C","U1557","A","1","H","2","","147.0","2.970","7.070","30.88","2020-11-02 02:42:14","MS3-V0.0.0.0-0656","WRMSL","SECT10854181","118808281","MISSED MUDLINE","",""
"390C","U1557","A","1","H","3","","4.3","3.043","7.143","34.22","2020-11-02 02:49:09","MS3-V0.0.0.0-0656","WRMSL","SECT10854211","118808311","MISSED MUDLINE","",""
"390C","U1557","A","1","H","3","","6.8","3.068","7.168","35.32","2020-11-02 02:49:09","MS3-V0.0.0.0-0656","WRMSL","SECT10854211","118808311","MISSED MUDLINE","",""
"390C","U1557","A","1","H","3","","9.3","3.093","7.193","36.91","2020-11-02 02:49:09","MS3-V0.0.0.0-0656","WRMSL","SECT10854211","118808311","MISSED MUDLINE","",""
"390C","U1557","A","1","H","3","","11.8","3.118","7.218","38.39","2020-11-02 02:49:09","MS3-V0.0.0.0-0656","WRMSL","SECT10854211","118808311","MISSED MUDLINE","",""
"390C","U1557","A","1","H","3","","14.3","3.143","7.243","37.84","2020-11-02 02:49:09","MS3-V0.0.0.0-0656","WRMSL","SECT10854211","118808311","MISSED MUDLINE","",""
"390C","U1557","A","1","H","3","","16.8","3.168","7.268","36.69","2020-11-02 02:49:09","MS3-V0.0.0.0-0656","WRMSL","SECT10854211","118808311","MISSED MUDLINE","",""
"390C","U1557","A","1","H","3","","19.3","3.193","7.293","36.23","2020-11-02 02:49:09","MS3-V0.0.0.0-0656","WRMSL","SECT10854211","118808311","MISSED MUDLINE","",""
"390C","U1557","A","1","H","3","","21.8","3.218","7.318","36.33","2020-11-02 02:49:09","MS3-V0.0.0.0-0656","WRMSL","SECT10854211","118808311","MISSED MUDLINE","",""
"390C","U1557","A","1","H","3","","24.3","3.243","7.343","37.41","2020-11-02 02:49:09","MS3-V0.0.0.0-0656","WRMSL","SECT10854211","118808311","MISSED MUDLINE","",""
"390C","U1557","A","1","H","3","","26.8","3.268","7.368","40.90","2020-11-02 02:49:09","MS3-V0.0.0.0-0656","WRMSL","SECT10854211","118808311","MISSED MUDLINE","",""
"390C","U1557","A","1","H","3","","29.3","3.293","7.393","52.45","2020-11-02 02:49:09","MS3-V0.0.0.0-0656","WRMSL","SECT10854211","118808311","MISSED MUDLINE","",""
"390C","U1557","A","1","H","3","","31.8","3.318","7.418","70.91","2020-11-02 02:49:09","MS3-V0.0.0.0-0656","WRMSL","SECT10854211","118808311","MISSED MUDLINE","",""
"390C","U1557","A","1","H","3","","34.3","3.343","7.443","77.92","2020-11-02 02:49:09","MS3-V0.0.0.0-0656","WRMSL","SECT10854211","118808311","MISSED MUDLINE","",""
"390C","U1557","A","1","H","3","","36.8","3.368","7.468","80.21","2020-11-02 02:49:09","MS3-V0.0.0.0-0656","WRMSL","SECT10854211","118808311","MISSED MUDLINE","",""
"390C","U1557","A","1","H","3","","39.3","3.393","7.493","82.50","2020-11-02 02:49:09","MS3-V0.0.0.0-0656","WRMSL","SECT10854211","118808311","MISSED MUDLINE","",""
"390C","U1557","A","1","H","3","","41.8","3.418","7.518","83.43","2020-11-02 02:49:09","MS3-V0.0.0.0-0656","WRMSL","SECT10854211","118808311","MISSED MUDLINE","",""
"390C","U1557","A","1","H","3","","44.3","3.443","7.543","81.49","2020-11-02 02:49:09","MS3-V0.0.0.0-0656","WRMSL","SECT10854211","118808311","MISSED MUDLINE","",""
"390C","U1557","A","1","H","3","","46.8","3.468","7.568","77.93","2020-11-02 02:49:09","MS3-V0.0.0.0-0656","WRMSL","SECT10854211","118808311","MISSED MUDLINE","",""
"390C","U1557","A","1","H","3","","49.3","3.493","7.593","74.85","2020-11-02 02:49:09","MS3-V0.0.0.0-0656","WRMSL","SECT10854211","118808311","MISSED MUDLINE","",""
"390C","U1557","A","1","H","3","","51.8","3.518","7.618","71.76","2020-11-02 02:49:09","MS3-V0.0.0.0-0656","WRMSL","SECT10854211","118808311","MISSED MUDLINE","",""
"390C","U1557","A","1","H","3","","54.3","3.543","7.643","68.82","2020-11-02 02:49:09","MS3-V0.0.0.0-0656","WRMSL","SECT10854211","118808311","MISSED MUDLINE","",""
"390C","U1557","A","1","H","3","","56.8","3.568","7.668","66.35","2020-11-02 02:49:09","MS3-V0.0.0.0-0656","WRMSL","SECT10854211","118808311","MISSED MUDLINE","",""
"390C","U1557","A","1","H","3","","59.3","3.593","7.693","65.08","2020-11-02 02:49:09","MS3-V0.0.0.0-0656","WRMSL","SECT10854211","118808311","MISSED MUDLINE","",""
"390C","U1557","A","1","H","3","","61.8","3.618","7.718","65.05","2020-11-02 02:49:09","MS3-V0.0.0.0-0656","WRMSL","SECT10854211","118808311","MISSED MUDLINE","",""
"390C","U1557","A","1","H","3","","64.3","3.643","7.743","65.03","2020-11-02 02:49:09","MS3-V0.0.0.0-0656","WRMSL","SECT10854211","118808311","MISSED MUDLINE","",""
"390C","U1557","A","1","H","3","","66.8","3.668","7.768","65.06","2020-11-02 02:49:09","MS3-V0.0.0.0-0656","WRMSL","SECT10854211","118808311","MISSED MUDLINE","",""
"390C","U1557","A","1","H","3","","69.3","3.693","7.793","65.16","2020-11-02 02:49:09","MS3-V0.0.0.0-0656","WRMSL","SECT10854211","118808311","MISSED MUDLINE","",""
"390C","U1557","A","1","H","3","","71.8","3.718","7.818","65.21","2020-11-02 02:49:09","MS3-V0.0.0.0-0656","WRMSL","SECT10854211","118808311","MISSED MUDLINE","",""
"390C","U1557","A","1","H","3","","74.3","3.743","7.843","65.27","2020-11-02 02:49:09","MS3-V0.0.0.0-0656","WRMSL","SECT10854211","118808311","MISSED MUDLINE","",""
"390C","U1557","A","1","H","3","","76.8","3.768","7.868","64.65","2020-11-02 02:49:09","MS3-V0.0.0.0-0656","WRMSL","SECT10854211","118808311","MISSED MUDLINE","",""
"390C","U1557","A","1","H","3","","79.3","3.793","7.893","64.80","2020-11-02 02:49:09","MS3-V0.0.0.0-0656","WRMSL","SECT10854211","118808311","MISSED MUDLINE","",""
"390C","U1557","A","1","H","3","","81.8","3.818","7.918","65.49","2020-11-02 02:49:09","MS3-V0.0.0.0-0656","WRMSL","SECT10854211","118808311","MISSED MUDLINE","",""
"390C","U1557","A","1","H","3","","84.3","3.843","7.943","65.61","2020-11-02 02:49:09","MS3-V0.0.0.0-0656","WRMSL","SECT10854211","118808311","MISSED MUDLINE","",""
"390C","U1557","A","1","H","3","","86.8","3.868","7.968","65.40","2020-11-02 02:49:09","MS3-V0.0.0.0-0656","WRMSL","SECT10854211","118808311","MISSED MUDLINE","",""
"390C","U1557","A","1","H","3","","89.3","3.893","7.993","65.87","2020-11-02 02:49:09","MS3-V0.0.0.0-0656","WRMSL","SECT10854211","118808311","MISSED MUDLINE","",""
"390C","U1557","A","1","H","3","","91.8","3.918","8.018","67.34","2020-11-02 02:49:09","MS3-V0.0.0.0-0656","WRMSL","SECT10854211","118808311","MISSED MUDLINE","",""
"390C","U1557","A","1","H","3","","94.3","3.943","8.043","68.55","2020-11-02 02:49:09","MS3-V0.0.0.0-0656","WRMSL","SECT10854211","118808311","MISSED MUDLINE","",""
"390C","U1557","A","1","H","3","","96.8","3.968","8.068","70.02","2020-11-02 02:49:09","MS3-V0.0.0.0-0656","WRMSL","SECT10854211","118808311","MISSED MUDLINE","",""
"390C","U1557","A","1","H","3","","99.3","3.993","8.093","72.51","2020-11-02 02:49:09","MS3-V0.0.0.0-0656","WRMSL","SECT10854211","118808311","MISSED MUDLINE","",""
"390C","U1557","A","1","H","3","","101.8","4.018","8.118","75.91","2020-11-02 02:49:09","MS3-V0.0.0.0-0656","WRMSL","SECT10854211","118808311","MISSED MUDLINE","",""
"390C","U1557","A","1","H","3","","104.3","4.043","8.143","79.98","2020-11-02 02:49:09","MS3-V0.0.0.0-0656","WRMSL","SECT10854211","118808311","MISSED MUDLINE","",""
"390C","U1557","A","1","H","3","","106.8","4.068","8.168","83.36","2020-11-02 02:49:09","MS3-V0.0.0.0-0656","WRMSL","SECT10854211","118808311","MISSED MUDLINE","",""
"390C","U1557","A","1","H","3","","109.3","4.093","8.193","86.65","2020-11-02 02:49:09","MS3-V0.0.0.0-0656","WRMSL","SECT10854211","118808311","MISSED MUDLINE","",""
"390C","U1557","A","1","H","3","","111.8","4.118","8.218","89.96","2020-11-02 02:49:09","MS3-V0.0.0.0-0656","WRMSL","SECT10854211","118808311","MISSED MUDLINE","",""
"390C","U1557","A","1","H","3","","114.3","4.143","8.243","91.38","2020-11-02 02:49:09","MS3-V0.0.0.0-0656","WRMSL","SECT10854211","118808311","MISSED MUDLINE","",""
"390C","U1557","A","1","H","3","","116.8","4.168","8.268","91.43","2020-11-02 02:49:09","MS3-V0.0.0.0-0656","WRMSL","SECT10854211","118808311","MISSED MUDLINE","",""
"390C","U1557","A","1","H","3","","119.3","4.193","8.293","91.33","2020-11-02 02:49:09","MS3-V0.0.0.0-0656","WRMSL","SECT10854211","118808311","MISSED MUDLINE","",""
"390C","U1557","A","1","H","3","","121.8","4.218","8.318","90.07","2020-11-02 02:49:09","MS3-V0.0.0.0-0656","WRMSL","SECT10854211","118808311","MISSED MUDLINE","",""
"390C","U1557","A","1","H","3","","124.3","4.243","8.343","87.55","2020-11-02 02:49:09","MS3-V0.0.0.0-0656","WRMSL","SECT10854211","118808311","MISSED MUDLINE","",""
"390C","U1557","A","1","H","3","","126.8","4.268","8.368","84.04","2020-11-02 02:49:09","MS3-V0.0.0.0-0656","WRMSL","SECT10854211","118808311","MISSED MUDLINE","",""
"390C","U1557","A","1","H","3","","129.3","4.293","8.393","79.10","2020-11-02 02:49:09","MS3-V0.0.0.0-0656","WRMSL","SECT10854211","118808311","MISSED MUDLINE","",""
"390C","U1557","A","1","H","3","","131.8","4.318","8.418","73.62","2020-11-02 02:49:09","MS3-V0.0.0.0-0656","WRMSL","SECT10854211","118808311","MISSED MUDLINE","",""
"390C","U1557","A","1","H","3","","134.3","4.343","8.443","70.04","2020-11-02 02:49:09","MS3-V0.0.0.0-0656","WRMSL","SECT10854211","118808311","MISSED MUDLINE","",""
"390C","U1557","A","1","H","3","","136.8","4.368","8.468","70.49","2020-11-02 02:49:09","MS3-V0.0.0.0-0656","WRMSL","SECT10854211","118808311","MISSED MUDLINE","",""
"390C","U1557","A","1","H","3","","139.3","4.393","8.493","75.79","2020-11-02 02:49:09","MS3-V0.0.0.0-0656","WRMSL","SECT10854211","118808311","MISSED MUDLINE","",""
"390C","U1557","A","1","H","3","","141.8","4.418","8.518","83.66","2020-11-02 02:49:09","MS3-V0.0.0.0-0656","WRMSL","SECT10854211","118808311","MISSED MUDLINE","",""
"390C","U1557","A","1","H","3","","144.3","4.443","8.543","87.17","2020-11-02 02:49:09","MS3-V0.0.0.0-0656","WRMSL","SECT10854211","118808311","MISSED MUDLINE","",""
"390C","U1557","A","1","H","3","","146.8","4.468","8.568","77.94","2020-11-02 02:49:09","MS3-V0.0.0.0-0656","WRMSL","SECT10854211","118808311","MISSED MUDLINE","",""
"390C","U1557","A","1","H","4","","4.0","4.540","8.640","48.21","2020-11-02 02:56:20","MS3-V0.0.0.0-0656","WRMSL","SECT10854241","118808341","MISSED MUDLINE","",""
"390C","U1557","A","1","H","4","","6.5","4.565","8.665","44.95","2020-11-02 02:56:20","MS3-V0.0.0.0-0656","WRMSL","SECT10854241","118808341","MISSED MUDLINE","",""
"390C","U1557","A","1","H","4","","9.0","4.590","8.690","42.43","2020-11-02 02:56:20","MS3-V0.0.0.0-0656","WRMSL","SECT10854241","118808341","MISSED MUDLINE","",""
"390C","U1557","A","1","H","4","","11.5","4.615","8.715","37.84","2020-11-02 02:56:20","MS3-V0.0.0.0-0656","WRMSL","SECT10854241","118808341","MISSED MUDLINE","",""
"390C","U1557","A","1","H","4","","14.0","4.640","8.740","35.36","2020-11-02 02:56:20","MS3-V0.0.0.0-0656","WRMSL","SECT10854241","118808341","MISSED MUDLINE","",""
"390C","U1557","A","1","H","4","","16.5","4.665","8.765","34.79","2020-11-02 02:56:20","MS3-V0.0.0.0-0656","WRMSL","SECT10854241","118808341","MISSED MUDLINE","",""
"390C","U1557","A","1","H","4","","19.0","4.690","8.790","36.49","2020-11-02 02:56:20","MS3-V0.0.0.0-0656","WRMSL","SECT10854241","118808341","MISSED MUDLINE","",""
"390C","U1557","A","1","H","4","","21.5","4.715","8.815","37.80","2020-11-02 02:56:20","MS3-V0.0.0.0-0656","WRMSL","SECT10854241","118808341","MISSED MUDLINE","",""
"390C","U1557","A","1","H","4","","24.0","4.740","8.840","42.27","2020-11-02 02:56:20","MS3-V0.0.0.0-0656","WRMSL","SECT10854241","118808341","MISSED MUDLINE","",""
"390C","U1557","A","1","H","4","","26.5","4.765","8.865","41.27","2020-11-02 02:56:20","MS3-V0.0.0.0-0656","WRMSL","SECT10854241","118808341","MISSED MUDLINE","",""
"390C","U1557","A","1","H","4","","29.0","4.790","8.890","38.66","2020-11-02 02:56:20","MS3-V0.0.0.0-0656","WRMSL","SECT10854241","118808341","MISSED MUDLINE","",""
"390C","U1557","A","1","H","4","","31.5","4.815","8.915","38.71","2020-11-02 02:56:20","MS3-V0.0.0.0-0656","WRMSL","SECT10854241","118808341","MISSED MUDLINE","",""
"390C","U1557","A","1","H","4","","34.0","4.840","8.940","42.06","2020-11-02 02:56:20","MS3-V0.0.0.0-0656","WRMSL","SECT10854241","118808341","MISSED MUDLINE","",""
"390C","U1557","A","1","H","4","","36.5","4.865","8.965","43.92","2020-11-02 02:56:20","MS3-V0.0.0.0-0656","WRMSL","SECT10854241","118808341","MISSED MUDLINE","",""
"390C","U1557","A","1","H","4","","39.0","4.890","8.990","49.66","2020-11-02 02:56:20","MS3-V0.0.0.0-0656","WRMSL","SECT10854241","118808341","MISSED MUDLINE","",""
"390C","U1557","A","1","H","4","","41.5","4.915","9.015","62.54","2020-11-02 02:56:20","MS3-V0.0.0.0-0656","WRMSL","SECT10854241","118808341","MISSED MUDLINE","",""
"390C","U1557","A","1","H","4","","44.0","4.940","9.040","67.95","2020-11-02 02:56:20","MS3-V0.0.0.0-0656","WRMSL","SECT10854241","118808341","MISSED MUDLINE","",""
"390C","U1557","A","1","H","4","","46.5","4.965","9.065","70.56","2020-11-02 02:56:20","MS3-V0.0.0.0-0656","WRMSL","SECT10854241","118808341","MISSED MUDLINE","",""
"390C","U1557","A","1","H","4","","49.0","4.990","9.090","72.97","2020-11-02 02:56:20","MS3-V0.0.0.0-0656","WRMSL","SECT10854241","118808341","MISSED MUDLINE","",""
"390C","U1557","A","1","H","4","","51.5","5.015","9.115","74.54","2020-11-02 02:56:20","MS3-V0.0.0.0-0656","WRMSL","SECT10854241","118808341","MISSED MUDLINE","",""
"390C","U1557","A","1","H","4","","54.0","5.040","9.140","75.01","2020-11-02 02:56:20","MS3-V0.0.0.0-0656","WRMSL","SECT10854241","118808341","MISSED MUDLINE","",""
"390C","U1557","A","1","H","4","","56.5","5.065","9.165","74.77","2020-11-02 02:56:20","MS3-V0.0.0.0-0656","WRMSL","SECT10854241","118808341","MISSED MUDLINE","",""
"390C","U1557","A","1","H","4","","59.0","5.090","9.190","74.94","2020-11-02 02:56:20","MS3-V0.0.0.0-0656","WRMSL","SECT10854241","118808341","MISSED MUDLINE","",""
"390C","U1557","A","1","H","4","","61.5","5.115","9.215","75.19","2020-11-02 02:56:20","MS3-V0.0.0.0-0656","WRMSL","SECT10854241","118808341","MISSED MUDLINE","",""
"390C","U1557","A","1","H","4","","64.0","5.140","9.240","75.88","2020-11-02 02:56:20","MS3-V0.0.0.0-0656","WRMSL","SECT10854241","118808341","MISSED MUDLINE","",""
"390C","U1557","A","1","H","4","","66.5","5.165","9.265","76.84","2020-11-02 02:56:20","MS3-V0.0.0.0-0656","WRMSL","SECT10854241","118808341","MISSED MUDLINE","",""
"390C","U1557","A","1","H","4","","69.0","5.190","9.290","77.30","2020-11-02 02:56:20","MS3-V0.0.0.0-0656","WRMSL","SECT10854241","118808341","MISSED MUDLINE","",""
"390C","U1557","A","1","H","4","","71.5","5.215","9.315","77.45","2020-11-02 02:56:20","MS3-V0.0.0.0-0656","WRMSL","SECT10854241","118808341","MISSED MUDLINE","",""
"390C","U1557","A","1","H","4","","74.0","5.240","9.340","77.86","2020-11-02 02:56:20","MS3-V0.0.0.0-0656","WRMSL","SECT10854241","118808341","MISSED MUDLINE","",""
"390C","U1557","A","1","H","4","","76.5","5.265","9.365","78.19","2020-11-02 02:56:20","MS3-V0.0.0.0-0656","WRMSL","SECT10854241","118808341","MISSED MUDLINE","",""
"390C","U1557","A","1","H","4","","79.0","5.290","9.390","78.43","2020-11-02 02:56:20","MS3-V0.0.0.0-0656","WRMSL","SECT10854241","118808341","MISSED MUDLINE","",""
"390C","U1557","A","1","H","4","","81.5","5.315","9.415","78.57","2020-11-02 02:56:20","MS3-V0.0.0.0-0656","WRMSL","SECT10854241","118808341","MISSED MUDLINE","",""
"390C","U1557","A","1","H","4","","84.0","5.340","9.440","78.69","2020-11-02 02:56:20","MS3-V0.0.0.0-0656","WRMSL","SECT10854241","118808341","MISSED MUDLINE","",""
"390C","U1557","A","1","H","4","","86.5","5.365","9.465","78.94","2020-11-02 02:56:20","MS3-V0.0.0.0-0656","WRMSL","SECT10854241","118808341","MISSED MUDLINE","",""
"390C","U1557","A","1","H","4","","89.0","5.390","9.490","79.33","2020-11-02 02:56:20","MS3-V0.0.0.0-0656","WRMSL","SECT10854241","118808341","MISSED MUDLINE","",""
"390C","U1557","A","1","H","4","","91.5","5.415","9.515","79.85","2020-11-02 02:56:20","MS3-V0.0.0.0-0656","WRMSL","SECT10854241","118808341","MISSED MUDLINE","",""
"390C","U1557","A","1","H","4","","94.0","5.440","9.540","79.95","2020-11-02 02:56:20","MS3-V0.0.0.0-0656","WRMSL","SECT10854241","118808341","MISSED MUDLINE","",""
"390C","U1557","A","1","H","4","","96.5","5.465","9.565","80.07","2020-11-02 02:56:20","MS3-V0.0.0.0-0656","WRMSL","SECT10854241","118808341","MISSED MUDLINE","",""
"390C","U1557","A","1","H","4","","99.0","5.490","9.590","80.26","2020-11-02 02:56:20","MS3-V0.0.0.0-0656","WRMSL","SECT10854241","118808341","MISSED MUDLINE","",""
"390C","U1557","A","1","H","4","","101.5","5.515","9.615","80.74","2020-11-02 02:56:20","MS3-V0.0.0.0-0656","WRMSL","SECT10854241","118808341","MISSED MUDLINE","",""
"390C","U1557","A","1","H","4","","104.0","5.540","9.640","81.45","2020-11-02 02:56:20","MS3-V0.0.0.0-0656","WRMSL","SECT10854241","118808341","MISSED MUDLINE","",""
"390C","U1557","A","1","H","4","","106.5","5.565","9.665","81.58","2020-11-02 02:56:20","MS3-V0.0.0.0-0656","WRMSL","SECT10854241","118808341","MISSED MUDLINE","",""
"390C","U1557","A","1","H","4","","109.0","5.590","9.690","81.50","2020-11-02 02:56:20","MS3-V0.0.0.0-0656","WRMSL","SECT10854241","118808341","MISSED MUDLINE","",""
"390C","U1557","A","1","H","4","","111.5","5.615","9.715","81.62","2020-11-02 02:56:20","MS3-V0.0.0.0-0656","WRMSL","SECT10854241","118808341","MISSED MUDLINE","",""
"390C","U1557","A","1","H","4","","114.0","5.640","9.740","82.04","2020-11-02 02:56:20","MS3-V0.0.0.0-0656","WRMSL","SECT10854241","118808341","MISSED MUDLINE","",""
"390C","U1557","A","1","H","4","","116.5","5.665","9.765","82.23","2020-11-02 02:56:20","MS3-V0.0.0.0-0656","WRMSL","SECT10854241","118808341","MISSED MUDLINE","",""
"390C","U1557","A","1","H","4","","119.0","5.690","9.790","82.30","2020-11-02 02:56:20","MS3-V0.0.0.0-0656","WRMSL","SECT10854241","118808341","MISSED MUDLINE","",""
"390C","U1557","A","1","H","4","","121.5","5.715","9.815","81.70","2020-11-02 02:56:20","MS3-V0.0.0.0-0656","WRMSL","SECT10854241","118808341","MISSED MUDLINE","",""
"390C","U1557","A","1","H","4","","124.0","5.740","9.840","81.78","2020-11-02 02:56:20","MS3-V0.0.0.0-0656","WRMSL","SECT10854241","118808341","MISSED MUDLINE","",""
"390C","U1557","A","1","H","4","","126.5","5.765","9.865","84.28","2020-11-02 02:56:20","MS3-V0.0.0.0-0656","WRMSL","SECT10854241","118808341","MISSED MUDLINE","",""
"390C","U1557","A","1","H","4","","129.0","5.790","9.890","87.40","2020-11-02 02:56:20","MS3-V0.0.0.0-0656","WRMSL","SECT10854241","118808341","MISSED MUDLINE","",""
"390C","U1557","A","1","H","4","","131.5","5.815","9.915","89.47","2020-11-02 02:56:20","MS3-V0.0.0.0-0656","WRMSL","SECT10854241","118808341","MISSED MUDLINE","",""
"390C","U1557","A","1","H","4","","134.0","5.840","9.940","89.14","2020-11-02 02:56:20","MS3-V0.0.0.0-0656","WRMSL","SECT10854241","118808341","MISSED MUDLINE","",""
"390C","U1557","A","1","H","4","","136.5","5.865","9.965","86.84","2020-11-02 02:56:20","MS3-V0.0.0.0-0656","WRMSL","SECT10854241","118808341","MISSED MUDLINE","",""
"390C","U1557","A","1","H","4","","139.0","5.890","9.990","83.72","2020-11-02 02:56:20","MS3-V0.0.0.0-0656","WRMSL","SECT10854241","118808341","MISSED MUDLINE","",""
"390C","U1557","A","1","H","4","","141.5","5.915","10.015","81.83","2020-11-02 02:56:20","MS3-V0.0.0.0-0656","WRMSL","SECT10854241","118808341","MISSED MUDLINE","",""
"390C","U1557","A","1","H","4","","144.0","5.940","10.040","80.64","2020-11-02 02:56:20","MS3-V0.0.0.0-0656","WRMSL","SECT10854241","118808341","MISSED MUDLINE","",""
"390C","U1557","A","1","H","4","","146.5","5.965","10.065","78.01","2020-11-02 02:56:20","MS3-V0.0.0.0-0656","WRMSL","SECT10854241","118808341","MISSED MUDLINE","",""
"390C","U1557","A","1","H","5","","3.2","6.042","10.142","74.15","2020-11-02 03:03:16","MS3-V0.0.0.0-0656","WRMSL","SECT10854271","118808381","MISSED MUDLINE","",""
"390C","U1557","A","1","H","5","","5.7","6.067","10.167","75.29","2020-11-02 03:03:16","MS3-V0.0.0.0-0656","WRMSL","SECT10854271","118808381","MISSED MUDLINE","",""
"390C","U1557","A","1","H","5","","8.2","6.092","10.192","75.82","2020-11-02 03:03:16","MS3-V0.0.0.0-0656","WRMSL","SECT10854271","118808381","MISSED MUDLINE","",""
"390C","U1557","A","1","H","5","","10.7","6.117","10.217","75.41","2020-11-02 03:03:16","MS3-V0.0.0.0-0656","WRMSL","SECT10854271","118808381","MISSED MUDLINE","",""
"390C","U1557","A","1","H","5","","13.2","6.142","10.242","75.55","2020-11-02 03:03:16","MS3-V0.0.0.0-0656","WRMSL","SECT10854271","118808381","MISSED MUDLINE","",""
"390C","U1557","A","1","H","5","","15.7","6.167","10.267","72.55","2020-11-02 03:03:16","MS3-V0.0.0.0-0656","WRMSL","SECT10854271","118808381","MISSED MUDLINE","",""
"390C","U1557","A","1","H","5","","18.2","6.192","10.292","68.83","2020-11-02 03:03:16","MS3-V0.0.0.0-0656","WRMSL","SECT10854271","118808381","MISSED MUDLINE","",""
"390C","U1557","A","1","H","5","","20.7","6.217","10.317","68.76","2020-11-02 03:03:16","MS3-V0.0.0.0-0656","WRMSL","SECT10854271","118808381","MISSED MUDLINE","",""
"390C","U1557","A","1","H","5","","23.2","6.242","10.342","74.67","2020-11-02 03:03:16","MS3-V0.0.0.0-0656","WRMSL","SECT10854271","118808381","MISSED MUDLINE","",""
"390C","U1557","A","1","H","5","","25.7","6.267","10.367","83.67","2020-11-02 03:03:16","MS3-V0.0.0.0-0656","WRMSL","SECT10854271","118808381","MISSED MUDLINE","",""
"390C","U1557","A","1","H","5","","28.2","6.292","10.392","92.53","2020-11-02 03:03:16","MS3-V0.0.0.0-0656","WRMSL","SECT10854271","118808381","MISSED MUDLINE","",""
"390C","U1557","A","1","H","5","","30.7","6.317","10.417","96.42","2020-11-02 03:03:16","MS3-V0.0.0.0-0656","WRMSL","SECT10854271","118808381","MISSED MUDLINE","",""
"390C","U1557","A","1","H","5","","33.2","6.342","10.442","94.54","2020-11-02 03:03:16","MS3-V0.0.0.0-0656","WRMSL","SECT10854271","118808381","MISSED MUDLINE","",""
"390C","U1557","A","1","H","5","","35.7","6.367","10.467","89.73","2020-11-02 03:03:16","MS3-V0.0.0.0-0656","WRMSL","SECT10854271","118808381","MISSED MUDLINE","",""
"390C","U1557","A","1","H","5","","38.2","6.392","10.492","85.74","2020-11-02 03:03:16","MS3-V0.0.0.0-0656","WRMSL","SECT10854271","118808381","MISSED MUDLINE","",""
"390C","U1557","A","1","H","5","","40.7","6.417","10.517","82.93","2020-11-02 03:03:16","MS3-V0.0.0.0-0656","WRMSL","SECT10854271","118808381","MISSED MUDLINE","",""
"390C","U1557","A","1","H","5","","43.2","6.442","10.542","81.83","2020-11-02 03:03:16","MS3-V0.0.0.0-0656","WRMSL","SECT10854271","118808381","MISSED MUDLINE","",""
"390C","U1557","A","1","H","5","","45.7","6.467","10.567","81.82","2020-11-02 03:03:16","MS3-V0.0.0.0-0656","WRMSL","SECT10854271","118808381","MISSED MUDLINE","",""
"390C","U1557","A","1","H","5","","48.2","6.492","10.592","81.84","2020-11-02 03:03:16","MS3-V0.0.0.0-0656","WRMSL","SECT10854271","118808381","MISSED MUDLINE","",""
"390C","U1557","A","1","H","5","","50.7","6.517","10.617","81.58","2020-11-02 03:03:16","MS3-V0.0.0.0-0656","WRMSL","SECT10854271","118808381","MISSED MUDLINE","",""
"390C","U1557","A","1","H","5","","53.2","6.542","10.642","80.53","2020-11-02 03:03:16","MS3-V0.0.0.0-0656","WRMSL","SECT10854271","118808381","MISSED MUDLINE","",""
"390C","U1557","A","1","H","5","","55.7","6.567","10.667","79.53","2020-11-02 03:03:16","MS3-V0.0.0.0-0656","WRMSL","SECT10854271","118808381","MISSED MUDLINE","",""
"390C","U1557","A","1","H","5","","58.2","6.592","10.692","76.85","2020-11-02 03:03:16","MS3-V0.0.0.0-0656","WRMSL","SECT10854271","118808381","MISSED MUDLINE","",""
"390C","U1557","A","1","H","5","","60.7","6.617","10.717","69.25","2020-11-02 03:03:16","MS3-V0.0.0.0-0656","WRMSL","SECT10854271","118808381","MISSED MUDLINE","",""
"390C","U1557","A","1","H","5","","63.2","6.642","10.742","59.44","2020-11-02 03:03:16","MS3-V0.0.0.0-0656","WRMSL","SECT10854271","118808381","MISSED MUDLINE","",""
"390C","U1557","A","1","H","5","","65.7","6.667","10.767","55.37","2020-11-02 03:03:16","MS3-V0.0.0.0-0656","WRMSL","SECT10854271","118808381","MISSED MUDLINE","",""
"390C","U1557","B","2","H","2","","72.7","6.327","10.787","52.64","2020-11-02 05:23:40","MS3-V0.0.0.0-0656","WRMSL","SECT10854731","118808881","","",""
"390C","U1557","B","2","H","2","","75.2","6.352","10.812","48.22","2020-11-02 05:23:40","MS3-V0.0.0.0-0656","WRMSL","SECT10854731","118808881","","",""
"390C","U1557","B","2","H","2","","77.7","6.377","10.837","45.20","2020-11-02 05:23:40","MS3-V0.0.0.0-0656","WRMSL","SECT10854731","118808881","","",""
"390C","U1557","B","2","H","2","","80.2","6.402","10.862","42.50","2020-11-02 05:23:40","MS3-V0.0.0.0-0656","WRMSL","SECT10854731","118808881","","",""
"390C","U1557","B","2","H","2","","82.7","6.427","10.887","41.05","2020-11-02 05:23:40","MS3-V0.0.0.0-0656","WRMSL","SECT10854731","118808881","","",""
"390C","U1557","B","2","H","2","","85.2","6.452","10.912","43.89","2020-11-02 05:23:40","MS3-V0.0.0.0-0656","WRMSL","SECT10854731","118808881","","",""
"390C","U1557","B","2","H","2","","87.7","6.477","10.937","50.37","2020-11-02 05:23:40","MS3-V0.0.0.0-0656","WRMSL","SECT10854731","118808881","","",""
"390C","U1557","B","2","H","2","","90.2","6.502","10.962","52.96","2020-11-02 05:23:40","MS3-V0.0.0.0-0656","WRMSL","SECT10854731","118808881","","",""
"390C","U1557","B","2","H","2","","92.7","6.527","10.987","53.37","2020-11-02 05:23:40","MS3-V0.0.0.0-0656","WRMSL","SECT10854731","118808881","","",""
"390C","U1557","B","2","H","2","","95.2","6.552","11.012","54.04","2020-11-02 05:23:40","MS3-V0.0.0.0-0656","WRMSL","SECT10854731","118808881","","",""
"390C","U1557","B","2","H","2","","97.7","6.577","11.037","54.04","2020-11-02 05:23:40","MS3-V0.0.0.0-0656","WRMSL","SECT10854731","118808881","","",""
"390C","U1557","B","2","H","2","","100.2","6.602","11.062","55.43","2020-11-02 05:23:40","MS3-V0.0.0.0-0656","WRMSL","SECT10854731","118808881","","",""
"390C","U1557","B","2","H","2","","102.7","6.627","11.087","61.60","2020-11-02 05:23:40","MS3-V0.0.0.0-0656","WRMSL","SECT10854731","118808881","","",""
"390C","U1557","B","2","H","2","","105.2","6.652","11.112","70.02","2020-11-02 05:23:40","MS3-V0.0.0.0-0656","WRMSL","SECT10854731","118808881","","",""
"390C","U1557","B","2","H","2","","107.7","6.677","11.137","79.04","2020-11-02 05:23:40","MS3-V0.0.0.0-0656","WRMSL","SECT10854731","118808881","","",""
"390C","U1557","B","2","H","2","","110.2","6.702","11.162","87.52","2020-11-02 05:23:40","MS3-V0.0.0.0-0656","WRMSL","SECT10854731","118808881","","",""
"390C","U1557","B","2","H","2","","112.7","6.727","11.187","93.55","2020-11-02 05:23:40","MS3-V0.0.0.0-0656","WRMSL","SECT10854731","118808881","","",""
"390C","U1557","B","2","H","2","","115.2","6.752","11.212","95.44","2020-11-02 05:23:40","MS3-V0.0.0.0-0656","WRMSL","SECT10854731","118808881","","",""
"390C","U1557","B","2","H","2","","117.7","6.777","11.237","92.51","2020-11-02 05:23:40","MS3-V0.0.0.0-0656","WRMSL","SECT10854731","118808881","","",""
"390C","U1557","B","2","H","2","","120.2","6.802","11.262","87.39","2020-11-02 05:23:40","MS3-V0.0.0.0-0656","WRMSL","SECT10854731","118808881","","",""
"390C","U1557","B","2","H","2","","122.7","6.827","11.287","83.52","2020-11-02 05:23:40","MS3-V0.0.0.0-0656","WRMSL","SECT10854731","118808881","","",""
"390C","U1557","B","2","H","2","","125.2","6.852","11.312","81.50","2020-11-02 05:23:40","MS3-V0.0.0.0-0656","WRMSL","SECT10854731","118808881","","",""
"390C","U1557","B","2","H","2","","127.7","6.877","11.337","80.12","2020-11-02 05:23:40","MS3-V0.0.0.0-0656","WRMSL","SECT10854731","118808881","","",""
"390C","U1557","B","2","H","2","","130.2","6.902","11.362","80.37","2020-11-02 05:23:40","MS3-V0.0.0.0-0656","WRMSL","SECT10854731","118808881","","",""
"390C","U1557","B","2","H","2","","132.7","6.927","11.387","81.46","2020-11-02 05:23:40","MS3-V0.0.0.0-0656","WRMSL","SECT10854731","118808881","","",""
"390C","U1557","B","2","H","2","","135.2","6.952","11.412","82.31","2020-11-02 05:23:40","MS3-V0.0.0.0-0656","WRMSL","SECT10854731","118808881","","",""
"390C","U1557","B","2","H","2","","137.7","6.977","11.437","82.58","2020-11-02 05:23:40","MS3-V0.0.0.0-0656","WRMSL","SECT10854731","118808881","","",""
"390C","U1557","B","2","H","2","","140.2","7.002","11.462","83.10","2020-11-02 05:23:40","MS3-V0.0.0.0-0656","WRMSL","SECT10854731","118808881","","",""
"390C","U1557","B","2","H","2","","142.7","7.027","11.487","84.20","2020-11-02 05:23:40","MS3-V0.0.0.0-0656","WRMSL","SECT10854731","118808881","","",""
"390C","U1557","B","2","H","2","","145.2","7.052","11.512","85.47","2020-11-02 05:23:40","MS3-V0.0.0.0-0656","WRMSL","SECT10854731","118808881","","",""
"390C","U1557","B","2","H","3","","4.6","7.146","11.606","92.66","2020-11-02 05:31:55","MS3-V0.0.0.0-0656","WRMSL","SECT10854761","118808921","","",""
"390C","U1557","B","2","H","3","","7.1","7.171","11.631","97.32","2020-11-02 05:31:55","MS3-V0.0.0.0-0656","WRMSL","SECT10854761","118808921","","",""
"390C","U1557","B","2","H","3","","9.6","7.196","11.656","99.46","2020-11-02 05:31:55","MS3-V0.0.0.0-0656","WRMSL","SECT10854761","118808921","","",""
"390C","U1557","B","2","H","3","","12.1","7.221","11.681","99.10","2020-11-02 05:31:55","MS3-V0.0.0.0-0656","WRMSL","SECT10854761","118808921","","",""
"390C","U1557","B","2","H","3","","14.6","7.246","11.706","98.18","2020-11-02 05:31:55","MS3-V0.0.0.0-0656","WRMSL","SECT10854761","118808921","","",""
"390C","U1557","B","2","H","3","","17.1","7.271","11.731","96.41","2020-11-02 05:31:55","MS3-V0.0.0.0-0656","WRMSL","SECT10854761","118808921","","",""
"390C","U1557","B","2","H","3","","19.6","7.296","11.756","93.26","2020-11-02 05:31:55","MS3-V0.0.0.0-0656","WRMSL","SECT10854761","118808921","","",""
"390C","U1557","B","2","H","3","","22.1","7.321","11.781","89.77","2020-11-02 05:31:55","MS3-V0.0.0.0-0656","WRMSL","SECT10854761","118808921","","",""
"390C","U1557","B","2","H","3","","24.6","7.346","11.806","86.64","2020-11-02 05:31:55","MS3-V0.0.0.0-0656","WRMSL","SECT10854761","118808921","","",""
"390C","U1557","B","2","H","3","","27.1","7.371","11.831","84.23","2020-11-02 05:31:55","MS3-V0.0.0.0-0656","WRMSL","SECT10854761","118808921","","",""
"390C","U1557","B","2","H","3","","29.6","7.396","11.856","80.89","2020-11-02 05:31:55","MS3-V0.0.0.0-0656","WRMSL","SECT10854761","118808921","","",""
"390C","U1557","B","2","H","3","","32.1","7.421","11.881","77.24","2020-11-02 05:31:55","MS3-V0.0.0.0-0656","WRMSL","SECT10854761","118808921","","",""
"390C","U1557","B","2","H","3","","34.6","7.446","11.906","75.36","2020-11-02 05:31:55","MS3-V0.0.0.0-0656","WRMSL","SECT10854761","118808921","","",""
"390C","U1557","B","2","H","3","","37.1","7.471","11.931","76.18","2020-11-02 05:31:55","MS3-V0.0.0.0-0656","WRMSL","SECT10854761","118808921","","",""
"390C","U1557","B","2","H","3","","39.6","7.496","11.956","81.20","2020-11-02 05:31:55","MS3-V0.0.0.0-0656","WRMSL","SECT10854761","118808921","","",""
"390C","U1557","B","2","H","3","","42.1","7.521","11.981","86.48","2020-11-02 05:31:55","MS3-V0.0.0.0-0656","WRMSL","SECT10854761","118808921","","",""
"390C","U1557","B","2","H","3","","44.6","7.546","12.006","89.92","2020-11-02 05:31:55","MS3-V0.0.0.0-0656","WRMSL","SECT10854761","118808921","","",""
"390C","U1557","B","2","H","3","","47.1","7.571","12.031","90.65","2020-11-02 05:31:55","MS3-V0.0.0.0-0656","WRMSL","SECT10854761","118808921","","",""
"390C","U1557","B","2","H","3","","49.6","7.596","12.056","90.66","2020-11-02 05:31:55","MS3-V0.0.0.0-0656","WRMSL","SECT10854761","118808921","","",""
"390C","U1557","B","2","H","3","","52.1","7.621","12.081","90.32","2020-11-02 05:31:55","MS3-V0.0.0.0-0656","WRMSL","SECT10854761","118808921","","",""
"390C","U1557","B","2","H","3","","54.6","7.646","12.106","90.01","2020-11-02 05:31:55","MS3-V0.0.0.0-0656","WRMSL","SECT10854761","118808921","","",""
"390C","U1557","B","2","H","3","","57.1","7.671","12.131","89.98","2020-11-02 05:31:55","MS3-V0.0.0.0-0656","WRMSL","SECT10854761","118808921","","",""
"390C","U1557","B","2","H","3","","59.6","7.696","12.156","89.98","2020-11-02 05:31:55","MS3-V0.0.0.0-0656","WRMSL","SECT10854761","118808921","","",""
"390C","U1557","B","2","H","3","","62.1","7.721","12.181","88.12","2020-11-02 05:31:55","MS3-V0.0.0.0-0656","WRMSL","SECT10854761","118808921","","",""
"390C","U1557","B","2","H","3","","64.6","7.746","12.206","85.47","2020-11-02 05:31:55","MS3-V0.0.0.0-0656","WRMSL","SECT10854761","118808921","","",""
"390C","U1557","B","2","H","3","","67.1","7.771","12.231","87.09","2020-11-02 05:31:55","MS3-V0.0.0.0-0656","WRMSL","SECT10854761","118808921","","",""
"390C","U1557","B","2","H","3","","69.6","7.796","12.256","92.78","2020-11-02 05:31:55","MS3-V0.0.0.0-0656","WRMSL","SECT10854761","118808921","","",""
"390C","U1557","B","2","H","3","","72.1","7.821","12.281","98.32","2020-11-02 05:31:55","MS3-V0.0.0.0-0656","WRMSL","SECT10854761","118808921","","",""
"390C","U1557","B","2","H","3","","74.6","7.846","12.306","99.85","2020-11-02 05:31:55","MS3-V0.0.0.0-0656","WRMSL","SECT10854761","118808921","","",""
"390C","U1557","B","2","H","3","","77.1","7.871","12.331","96.85","2020-11-02 05:31:55","MS3-V0.0.0.0-0656","WRMSL","SECT10854761","118808921","","",""
"390C","U1557","B","2","H","3","","79.6","7.896","12.356","92.91","2020-11-02 05:31:55","MS3-V0.0.0.0-0656","WRMSL","SECT10854761","118808921","","",""
"390C","U1557","B","2","H","3","","82.1","7.921","12.381","88.97","2020-11-02 05:31:55","MS3-V0.0.0.0-0656","WRMSL","SECT10854761","118808921","","",""
"390C","U1557","B","2","H","3","","84.6","7.946","12.406","85.47","2020-11-02 05:31:55","MS3-V0.0.0.0-0656","WRMSL","SECT10854761","118808921","","",""
"390C","U1557","B","2","H","3","","87.1","7.971","12.431","83.68","2020-11-02 05:31:55","MS3-V0.0.0.0-0656","WRMSL","SECT10854761","118808921","","",""
"390C","U1557","B","2","H","3","","89.6","7.996","12.456","83.26","2020-11-02 05:31:55","MS3-V0.0.0.0-0656","WRMSL","SECT10854761","118808921","","",""
"390C","U1557","B","2","H","3","","92.1","8.021","12.481","81.43","2020-11-02 05:31:55","MS3-V0.0.0.0-0656","WRMSL","SECT10854761","118808921","","",""
"390C","U1557","B","2","H","3","","94.6","8.046","12.506","72.06","2020-11-02 05:31:55","MS3-V0.0.0.0-0656","WRMSL","SECT10854761","118808921","","",""
"390C","U1557","B","2","H","3","","97.1","8.071","12.531","63.34","2020-11-02 05:31:55","MS3-V0.0.0.0-0656","WRMSL","SECT10854761","118808921","","",""
"390C","U1557","B","2","H","3","","99.6","8.096","12.556","60.70","2020-11-02 05:31:55","MS3-V0.0.0.0-0656","WRMSL","SECT10854761","118808921","","",""
"390C","U1557","B","2","H","3","","102.1","8.121","12.581","52.63","2020-11-02 05:31:55","MS3-V0.0.0.0-0656","WRMSL","SECT10854761","118808921","","",""
"390C","U1557","B","2","H","3","","104.6","8.146","12.606","45.58","2020-11-02 05:31:55","MS3-V0.0.0.0-0656","WRMSL","SECT10854761","118808921","","",""
"390C","U1557","B","2","H","3","","107.1","8.171","12.631","40.96","2020-11-02 05:31:55","MS3-V0.0.0.0-0656","WRMSL","SECT10854761","118808921","","",""
"390C","U1557","B","2","H","3","","109.6","8.196","12.656","39.68","2020-11-02 05:31:55","MS3-V0.0.0.0-0656","WRMSL","SECT10854761","118808921","","",""
"390C","U1557","B","2","H","3","","112.1","8.221","12.681","39.68","2020-11-02 05:31:55","MS3-V0.0.0.0-0656","WRMSL","SECT10854761","118808921","","",""
"390C","U1557","B","2","H","3","","114.6","8.246","12.706","38.88","2020-11-02 05:31:55","MS3-V0.0.0.0-0656","WRMSL","SECT10854761","118808921","","",""
"390C","U1557","B","2","H","3","","117.1","8.271","12.731","38.13","2020-11-02 05:31:55","MS3-V0.0.0.0-0656","WRMSL","SECT10854761","118808921","","",""
"390C","U1557","B","2","H","3","","119.6","8.296","12.756","35.75","2020-11-02 05:31:55","MS3-V0.0.0.0-0656","WRMSL","SECT10854761","118808921","","",""
"390C","U1557","B","2","H","3","","122.1","8.321","12.781","33.34","2020-11-02 05:31:55","MS3-V0.0.0.0-0656","WRMSL","SECT10854761","118808921","","",""
"390C","U1557","B","2","H","3","","124.6","8.346","12.806","31.60","2020-11-02 05:31:55","MS3-V0.0.0.0-0656","WRMSL","SECT10854761","118808921","","",""
"390C","U1557","B","2","H","3","","127.1","8.371","12.831","30.64","2020-11-02 05:31:55","MS3-V0.0.0.0-0656","WRMSL","SECT10854761","118808921","","",""
"390C","U1557","B","2","H","3","","129.6","8.396","12.856","29.41","2020-11-02 05:31:55","MS3-V0.0.0.0-0656","WRMSL","SECT10854761","118808921","","",""
"390C","U1557","B","2","H","3","","132.1","8.421","12.881","29.41","2020-11-02 05:31:55","MS3-V0.0.0.0-0656","WRMSL","SECT10854761","118808921","","",""
"390C","U1557","B","2","H","3","","134.6","8.446","12.906","31.74","2020-11-02 05:31:55","MS3-V0.0.0.0-0656","WRMSL","SECT10854761","118808921","","",""
"390C","U1557","B","2","H","3","","137.1","8.471","12.931","35.09","2020-11-02 05:31:55","MS3-V0.0.0.0-0656","WRMSL","SECT10854761","118808921","","",""
"390C","U1557","B","2","H","3","","139.6","8.496","12.956","33.21","2020-11-02 05:31:55","MS3-V0.0.0.0-0656","WRMSL","SECT10854761","118808921","","",""
"390C","U1557","B","2","H","4","","5.2","8.652","13.112","27.59","2020-11-02 05:39:20","MS3-V0.0.0.0-0656","WRMSL","SECT10854791","118808951","","",""
"390C","U1557","B","2","H","4","","7.7","8.677","13.137","29.80","2020-11-02 05:39:20","MS3-V0.0.0.0-0656","WRMSL","SECT10854791","118808951","","",""
"390C","U1557","B","2","H","4","","10.2","8.702","13.162","30.62","2020-11-02 05:39:20","MS3-V0.0.0.0-0656","WRMSL","SECT10854791","118808951","","",""
"390C","U1557","B","2","H","4","","12.7","8.727","13.187","29.20","2020-11-02 05:39:20","MS3-V0.0.0.0-0656","WRMSL","SECT10854791","118808951","","",""
"390C","U1557","B","2","H","4","","15.2","8.752","13.212","28.19","2020-11-02 05:39:20","MS3-V0.0.0.0-0656","WRMSL","SECT10854791","118808951","","",""
"390C","U1557","B","2","H","4","","17.7","8.777","13.237","28.04","2020-11-02 05:39:20","MS3-V0.0.0.0-0656","WRMSL","SECT10854791","118808951","","",""
"390C","U1557","B","2","H","4","","20.2","8.802","13.262","28.09","2020-11-02 05:39:20","MS3-V0.0.0.0-0656","WRMSL","SECT10854791","118808951","","",""
"390C","U1557","B","2","H","4","","22.7","8.827","13.287","28.08","2020-11-02 05:39:20","MS3-V0.0.0.0-0656","WRMSL","SECT10854791","118808951","","",""
"390C","U1557","B","2","H","4","","25.2","8.852","13.312","28.45","2020-11-02 05:39:20","MS3-V0.0.0.0-0656","WRMSL","SECT10854791","118808951","","",""
"390C","U1557","B","2","H","4","","27.7","8.877","13.337","28.77","2020-11-02 05:39:20","MS3-V0.0.0.0-0656","WRMSL","SECT10854791","118808951","","",""
"390C","U1557","B","2","H","4","","30.2","8.902","13.362","29.65","2020-11-02 05:39:20","MS3-V0.0.0.0-0656","WRMSL","SECT10854791","118808951","","",""
"390C","U1557","B","2","H","4","","32.7","8.927","13.387","31.83","2020-11-02 05:39:20","MS3-V0.0.0.0-0656","WRMSL","SECT10854791","118808951","","",""
"390C","U1557","B","2","H","4","","35.2","8.952","13.412","33.41","2020-11-02 05:39:20","MS3-V0.0.0.0-0656","WRMSL","SECT10854791","118808951","","",""
"390C","U1557","B","2","H","4","","37.7","8.977","13.437","32.10","2020-11-02 05:39:20","MS3-V0.0.0.0-0656","WRMSL","SECT10854791","118808951","","",""
"390C","U1557","B","2","H","4","","40.2","9.002","13.462","30.51","2020-11-02 05:39:20","MS3-V0.0.0.0-0656","WRMSL","SECT10854791","118808951","","",""
"390C","U1557","B","2","H","4","","42.7","9.027","13.487","29.69","2020-11-02 05:39:20","MS3-V0.0.0.0-0656","WRMSL","SECT10854791","118808951","","",""
"390C","U1557","B","2","H","4","","45.2","9.052","13.512","29.50","2020-11-02 05:39:20","MS3-V0.0.0.0-0656","WRMSL","SECT10854791","118808951","","",""
"390C","U1557","B","2","H","4","","47.7","9.077","13.537","29.20","2020-11-02 05:39:20","MS3-V0.0.0.0-0656","WRMSL","SECT10854791","118808951","","",""
"390C","U1557","B","2","H","4","","50.2","9.102","13.562","30.35","2020-11-02 05:39:20","MS3-V0.0.0.0-0656","WRMSL","SECT10854791","118808951","","",""
"390C","U1557","B","2","H","4","","52.7","9.127","13.587","31.51","2020-11-02 05:39:20","MS3-V0.0.0.0-0656","WRMSL","SECT10854791","118808951","","",""
"390C","U1557","B","2","H","4","","55.2","9.152","13.612","31.05","2020-11-02 05:39:20","MS3-V0.0.0.0-0656","WRMSL","SECT10854791","118808951","","",""
"390C","U1557","B","2","H","4","","57.7","9.177","13.637","30.40","2020-11-02 05:39:20","MS3-V0.0.0.0-0656","WRMSL","SECT10854791","118808951","","",""
"390C","U1557","B","2","H","4","","60.2","9.202","13.662","30.70","2020-11-02 05:39:20","MS3-V0.0.0.0-0656","WRMSL","SECT10854791","118808951","","",""
"390C","U1557","B","2","H","4","","62.7","9.227","13.687","31.52","2020-11-02 05:39:20","MS3-V0.0.0.0-0656","WRMSL","SECT10854791","118808951","","",""
"390C","U1557","B","2","H","4","","65.2","9.252","13.712","32.63","2020-11-02 05:39:20","MS3-V0.0.0.0-0656","WRMSL","SECT10854791","118808951","","",""
"390C","U1557","B","2","H","4","","67.7","9.277","13.737","32.36","2020-11-02 05:39:20","MS3-V0.0.0.0-0656","WRMSL","SECT10854791","118808951","","",""
"390C","U1557","B","2","H","4","","70.2","9.302","13.762","31.95","2020-11-02 05:39:20","MS3-V0.0.0.0-0656","WRMSL","SECT10854791","118808951","","",""
"390C","U1557","B","2","H","4","","72.7","9.327","13.787","31.38","2020-11-02 05:39:20","MS3-V0.0.0.0-0656","WRMSL","SECT10854791","118808951","","",""
"390C","U1557","B","2","H","4","","75.2","9.352","13.812","31.07","2020-11-02 05:39:20","MS3-V0.0.0.0-0656","WRMSL","SECT10854791","118808951","","",""
"390C","U1557","B","2","H","4","","77.7","9.377","13.837","30.79","2020-11-02 05:39:20","MS3-V0.0.0.0-0656","WRMSL","SECT10854791","118808951","","",""
"390C","U1557","B","2","H","4","","80.2","9.402","13.862","31.43","2020-11-02 05:39:20","MS3-V0.0.0.0-0656","WRMSL","SECT10854791","118808951","","",""
"390C","U1557","B","2","H","4","","82.7","9.427","13.887","31.57","2020-11-02 05:39:20","MS3-V0.0.0.0-0656","WRMSL","SECT10854791","118808951","","",""
"390C","U1557","B","2","H","4","","85.2","9.452","13.912","31.84","2020-11-02 05:39:20","MS3-V0.0.0.0-0656","WRMSL","SECT10854791","118808951","","",""
"390C","U1557","B","2","H","4","","87.7","9.477","13.937","31.08","2020-11-02 05:39:20","MS3-V0.0.0.0-0656","WRMSL","SECT10854791","118808951","","",""
"390C","U1557","B","2","H","4","","90.2","9.502","13.962","29.65","2020-11-02 05:39:20","MS3-V0.0.0.0-0656","WRMSL","SECT10854791","118808951","","",""
"390C","U1557","B","2","H","4","","92.7","9.527","13.987","28.97","2020-11-02 05:39:20","MS3-V0.0.0.0-0656","WRMSL","SECT10854791","118808951","","",""
"390C","U1557","B","2","H","4","","95.2","9.552","14.012","27.40","2020-11-02 05:39:20","MS3-V0.0.0.0-0656","WRMSL","SECT10854791","118808951","","",""
"390C","U1557","B","2","H","5","","5.0","9.650","14.110","28.69","2020-11-02 05:52:10","MS3-V0.0.0.0-0656","WRMSL","SECT10854821","118809001","","",""
"390C","U1557","B","2","H","5","","7.5","9.675","14.135","29.47","2020-11-02 05:52:10","MS3-V0.0.0.0-0656","WRMSL","SECT10854821","118809001","","",""
"390C","U1557","B","2","H","5","","10.0","9.700","14.160","30.48","2020-11-02 05:52:10","MS3-V0.0.0.0-0656","WRMSL","SECT10854821","118809001","","",""
"390C","U1557","B","2","H","5","","12.5","9.725","14.185","30.05","2020-11-02 05:52:10","MS3-V0.0.0.0-0656","WRMSL","SECT10854821","118809001","","",""
"390C","U1557","B","2","H","5","","15.0","9.750","14.210","29.35","2020-11-02 05:52:10","MS3-V0.0.0.0-0656","WRMSL","SECT10854821","118809001","","",""
"390C","U1557","B","2","H","5","","17.5","9.775","14.235","29.56","2020-11-02 05:52:10","MS3-V0.0.0.0-0656","WRMSL","SECT10854821","118809001","","",""
"390C","U1557","B","2","H","5","","20.0","9.800","14.260","29.60","2020-11-02 05:52:10","MS3-V0.0.0.0-0656","WRMSL","SECT10854821","118809001","","",""
"390C","U1557","B","2","H","5","","22.5","9.825","14.285","28.26","2020-11-02 05:52:10","MS3-V0.0.0.0-0656","WRMSL","SECT10854821","118809001","","",""
"390C","U1557","B","2","H","5","","25.0","9.850","14.310","27.56","2020-11-02 05:52:10","MS3-V0.0.0.0-0656","WRMSL","SECT10854821","118809001","","",""
"390C","U1557","B","2","H","5","","27.5","9.875","14.335","27.26","2020-11-02 05:52:10","MS3-V0.0.0.0-0656","WRMSL","SECT10854821","118809001","","",""
"390C","U1557","B","2","H","5","","30.0","9.900","14.360","26.96","2020-11-02 05:52:10","MS3-V0.0.0.0-0656","WRMSL","SECT10854821","118809001","","",""
"390C","U1557","B","2","H","5","","30.0","9.900","14.360","26.97","2020-11-02 05:52:10","MS3-V0.0.0.0-0656","WRMSL","SECT10854821","118809001","","",""
"390C","U1557","B","2","H","5","","32.5","9.925","14.385","27.04","2020-11-02 05:52:10","MS3-V0.0.0.0-0656","WRMSL","SECT10854821","118809001","","",""
"390C","U1557","B","2","H","5","","35.0","9.950","14.410","26.75","2020-11-02 05:52:10","MS3-V0.0.0.0-0656","WRMSL","SECT10854821","118809001","","",""
"390C","U1557","B","2","H","5","","37.5","9.975","14.435","26.62","2020-11-02 05:52:10","MS3-V0.0.0.0-0656","WRMSL","SECT10854821","118809001","","",""
"390C","U1557","B","2","H","5","","40.0","10.000","14.460","26.88","2020-11-02 05:52:10","MS3-V0.0.0.0-0656","WRMSL","SECT10854821","118809001","","",""
"390C","U1557","B","2","H","5","","42.5","10.025","14.485","27.36","2020-11-02 05:52:10","MS3-V0.0.0.0-0656","WRMSL","SECT10854821","118809001","","",""
"390C","U1557","B","2","H","5","","45.0","10.050","14.510","27.96","2020-11-02 05:52:10","MS3-V0.0.0.0-0656","WRMSL","SECT10854821","118809001","","",""
"390C","U1557","B","2","H","5","","47.5","10.075","14.535","28.13","2020-11-02 05:52:10","MS3-V0.0.0.0-0656","WRMSL","SECT10854821","118809001","","",""
"390C","U1557","B","2","H","5","","50.0","10.100","14.560","28.63","2020-11-02 05:52:10","MS3-V0.0.0.0-0656","WRMSL","SECT10854821","118809001","","",""
"390C","U1557","B","2","H","5","","52.5","10.125","14.585","29.12","2020-11-02 05:52:10","MS3-V0.0.0.0-0656","WRMSL","SECT10854821","118809001","","",""
"390C","U1557","B","2","H","5","","55.0","10.150","14.610","28.59","2020-11-02 05:52:10","MS3-V0.0.0.0-0656","WRMSL","SECT10854821","118809001","","",""
"390C","U1557","B","2","H","5","","57.5","10.175","14.635","28.21","2020-11-02 05:52:10","MS3-V0.0.0.0-0656","WRMSL","SECT10854821","118809001","","",""
"390C","U1557","B","2","H","5","","60.0","10.200","14.660","28.37","2020-11-02 05:52:10","MS3-V0.0.0.0-0656","WRMSL","SECT10854821","118809001","","",""
"390C","U1557","B","2","H","5","","62.5","10.225","14.685","29.22","2020-11-02 05:52:10","MS3-V0.0.0.0-0656","WRMSL","SECT10854821","118809001","","",""
"390C","U1557","B","2","H","5","","65.0","10.250","14.710","29.93","2020-11-02 05:52:10","MS3-V0.0.0.0-0656","WRMSL","SECT10854821","118809001","","",""
"390C","U1557","B","2","H","5","","67.5","10.275","14.735","29.31","2020-11-02 05:52:10","MS3-V0.0.0.0-0656","WRMSL","SECT10854821","118809001","","",""
"390C","U1557","B","2","H","5","","70.0","10.300","14.760","29.49","2020-11-02 05:52:10","MS3-V0.0.0.0-0656","WRMSL","SECT10854821","118809001","","",""
"390C","U1557","B","2","H","5","","72.5","10.325","14.785","29.45","2020-11-02 05:52:10","MS3-V0.0.0.0-0656","WRMSL","SECT10854821","118809001","","",""
"390C","U1557","B","2","H","5","","75.0","10.350","14.810","28.41","2020-11-02 05:52:10","MS3-V0.0.0.0-0656","WRMSL","SECT10854821","118809001","","",""
"390C","U1557","B","2","H","5","","77.5","10.375","14.835","24.87","2020-11-02 05:52:10","MS3-V0.0.0.0-0656","WRMSL","SECT10854821","118809001","","",""
